id,name,gender,age,birthdate,address
"ed3d458d-6c13-4683-903e-b0da9ca8f710","조선진","female","35","1989-06-23","인천 남구 60길 20"
"a1d53b45-4e5b-432d-8772-dc445f883cb4","맹승주","male","22","2002-08-24","대구 강남구 51로 47"
"9a3c24bd-1d22-4cec-9a1b-ecdb5a7a6474","박재은","male","38","1986-03-17","세종 강북구 88길 75"
"d80d4cc8-b2e7-4152-ad1e-2a13dd18d451","장영록","female","24","2000-09-13","부산 북구 84길 14"
"4d42d743-43af-45d8-b542-17c1e9e182e2","최승주","male","39","1985-12-08","세종 남구 5로 18"
"ed1e4dc6-2ddb-4f4b-bafc-78b47357c259","박재은","male","35","1989-02-17","세종 강남구 24로 72"
"9d79b07b-a3e4-4d69-a9bb-8ec4a7308706","조흥제","female","26","1998-11-20","부산 동구 99길 80"
"9448d056-b2e7-4261-a7aa-493d905ab006","장준하","female","50","1974-01-25","광주 남구 70길 17"
"d44ad73d-ab8b-4bc4-a890-496eaabae8f2","강상연","female","56","1968-05-28","울산 동구 53로 24"
"d3c77d75-c33f-4af7-a0b0-970478dbc4e3","강수형","female","34","1990-09-16","울산 강서구 99로 34"
"98c990be-55ff-4b29-8749-0402865aa520","최영록","male","48","1976-02-09","인천 강동구 78길 96"
"4ce899e9-3ee7-4b10-b82e-a1639e613505","박정미","male","32","1992-08-01","서울 강동구 3로 21"
"a17cfd29-de1d-4ab4-85c6-ef7929fccf2a","강윤경","female","36","1988-04-21","인천 강남구 84로 45"
"0c133a9e-4b85-4569-9c33-61f4d5020de7","최흥제","female","33","1991-12-24","울산 중구 81길 75"
"d0d1e0b0-419b-4ad6-bc7d-bd1efd23d375","강상민","male","51","1973-04-08","서울 남구 4길 36"
"2758374d-b530-48fb-90b5-20a32b63e63d","임병규","female","65","1959-11-23","대구 강북구 3로 95"
"3f6a2b62-ff1a-43a4-ba0f-efed24cc40c4","김상연","female","23","2001-07-12","대전 동구 19로 51"
"9d54d6eb-ad6d-450b-98e6-9beade544afc","정윤경","female","41","1983-11-10","부산 강남구 35로 66"
"0964b607-0d18-40da-a746-aeaffd2527f6","이윤경","female","66","1958-07-12","광주 강동구 66로 80"
"87a3a769-5fcd-4ad7-8df2-8b99826921e1","최재은","male","48","1976-09-22","부산 강서구 72길 14"
"375bfe97-ef9a-492a-b31a-b81a3713e78f","강준하","female","24","2000-01-02","울산 동구 87로 89"
"162f0865-bd81-42ef-8742-c95b94c5c23d","김상연","male","26","1998-12-03","인천 동구 70로 42"
"05ed1e7a-6262-4ec1-9029-77c0888e554e","강윤경","female","65","1959-09-26","대구 중구 47길 23"
"a9036dbb-082a-4ea0-aea6-c974f1e828f9","장수형","female","61","1963-08-27","대구 서구 55길 50"
"c85d28a7-4bc1-42ad-9d19-079500b9a62f","박흥제","female","60","1964-11-07","광주 강동구 82길 29"
"1ec7dc9e-13a1-4ec2-a005-63857a446cae","강승진","male","44","1980-01-27","울산 동구 20길 41"
"c5bddba7-20b1-42cc-abd7-34c5f07d4f2b","맹윤경","female","53","1971-10-25","서울 서구 71로 73"
"9101eff8-8089-4ae2-a04f-cea40f0a531d","김재은","male","47","1977-11-04","서울 중구 92길 14"
"d7dda3ad-e980-417b-8791-0fde6e56ca66","강흥제","male","20","2004-12-12","세종 서구 30로 90"
"31bfa79d-f8b5-4995-9b06-488b056b4c7c","이흥제","male","56","1968-07-26","부산 동구 74로 56"
"ad226a1f-a13d-4d48-985c-7808add63dcd","한선진","male","36","1988-04-12","대구 남구 87로 44"
"9a61363e-6859-4e62-b88e-48a7be9e0f5e","윤병규","female","32","1992-02-03","부산 강북구 51길 46"
"bb6af10b-9a13-489d-834b-65030a9220bb","장재은","male","21","2003-10-09","대구 동구 11길 75"
"605d55c4-21e3-48c4-8910-31f03e0b9ea9","장준하","female","40","1984-09-20","대전 서구 80길 36"
"ca6c6b14-8b5d-483f-bfd4-63b15b866525","한선진","male","69","1955-03-22","서울 강동구 32길 78"
"3345ee01-32e6-46ed-9232-7b38f80948ac","맹선진","male","25","1999-09-04","대구 강북구 72로 86"
"5dc550b2-3701-4fa5-b135-0b6ab79203b1","맹상민","female","54","1970-02-06","대구 동구 30로 25"
"bc0da518-c204-47dd-b8a5-cd9e9a592d2b","정상민","male","58","1966-02-10","서울 강북구 31길 69"
"ab3e7fba-4779-4c0d-8a5a-db7fe578c35a","이승주","female","42","1982-09-21","대구 남구 66길 88"
"b524b64b-e5a3-4d35-bc4c-b016b7fb588f","조영록","male","47","1977-12-13","부산 강남구 96길 58"
"f0a6e488-1097-48dd-a8cb-3d0108544e5c","윤수형","male","30","1994-07-07","대전 강서구 15길 34"
"3af484e2-c5b8-4fbb-a35e-28aed9052794","정상민","male","29","1995-07-27","세종 중구 31로 7"
"0a4cb1a2-7c42-4ee7-ace2-ac8b68c7f6b9","한선진","male","23","2001-05-12","부산 남구 96로 76"
"625f1e9c-1045-4295-96a7-85766375652d","한흥제","male","45","1979-06-11","세종 서구 61로 21"
"31d2f59d-7479-4a7a-9f18-310be9918e91","맹선진","female","35","1989-10-18","광주 강동구 58길 15"
"d200921a-b00d-4f98-bc19-8b07e96b21e7","박선진","male","67","1957-04-20","대전 중구 16로 90"
"1ddd1b0f-731a-4578-8ccb-3a7b8cf6d4d5","한윤경","female","30","1994-07-17","울산 강서구 40로 95"
"0b81a691-d94b-4cfe-be9f-573714747ba6","강흥제","male","64","1960-08-26","세종 강동구 53길 12"
"941d1b32-94ea-4fe8-b786-6e9f165ca330","장재은","male","41","1983-04-09","인천 강서구 11길 16"
"91c7b61e-e4f3-4498-9106-5a3b87cf83c9","한수형","female","50","1974-01-19","인천 동구 55로 97"
"758186e6-e131-4d08-9137-5996fa90cbf6","임윤경","female","41","1983-09-15","세종 북구 37길 8"
"b568ff74-fd4d-42a4-bc79-5d8b3062c226","김준하","male","48","1976-04-15","대구 동구 93로 58"
"6feb014d-1e84-4bd1-9e3a-63479a2ef36b","정정미","male","60","1964-08-08","세종 남구 65길 39"
"740c4302-acb9-4995-984e-63afd61bd371","김정미","male","60","1964-11-08","서울 남구 6로 72"
"8cc46468-cbf3-46a0-bd07-d50c229b3755","정재은","male","61","1963-03-04","대전 동구 21길 25"
"05add562-5b73-413c-b509-79b7768ea091","장수형","male","25","1999-05-12","광주 서구 36로 83"
"c55aeef5-3639-49ce-a745-08c840564af9","강준하","male","39","1985-07-01","서울 강동구 92길 50"
"c58fe132-a3b8-4047-92f0-d65ed9a0e0c8","장재은","female","53","1971-09-13","대구 강서구 25길 82"
"1f82f273-480e-47a6-8fa1-cdcd113b30b2","윤영록","male","54","1970-03-22","서울 서구 6로 59"
"efed3d03-9eb9-4856-836f-7617edf71102","윤선진","male","64","1960-10-19","인천 강동구 3길 36"
"29c9f42e-eae1-48c1-8fdd-e53f03085080","윤정미","female","52","1972-12-13","부산 북구 9로 31"
"d0e7d9bb-78df-477d-b3e8-9f695276fa27","윤선진","male","32","1992-02-20","세종 남구 8길 87"
"f482ca6a-d7e1-4bed-a2aa-e12823dc729b","최수형","male","60","1964-01-03","광주 남구 35길 2"
"99219a06-d145-404a-9956-67652bc92d98","최영록","female","25","1999-06-15","광주 강서구 12길 52"
"d703e2ff-d561-4d1f-83bf-d3a22eb8b269","장재은","female","68","1956-01-20","울산 강북구 74길 86"
"1449ea53-9603-4bcd-af75-0acff9f0efce","강윤경","female","39","1985-06-05","대전 강남구 12길 94"
"2c4872ba-3b36-4bdf-b7f3-fd02c51404ec","강상연","female","28","1996-10-14","부산 강동구 89길 69"
"a3f4713b-fb80-4d72-8287-da7bec2829e7","정승진","female","57","1967-06-04","대전 강북구 64길 51"
"e86048cd-3edb-4d2a-a03d-5eef38f1e044","장흥제","male","64","1960-11-18","대전 동구 52길 70"
"aaed18b2-377d-4bca-b3d6-8f8e5ea08eaf","임정미","male","62","1962-06-05","울산 남구 2로 92"
"231d3f28-52c3-44ee-afc2-2619c67804e0","한승진","female","58","1966-05-26","세종 서구 53로 18"
"ae14c940-be41-45a2-bbe5-44fca6b2d08f","정승진","female","69","1955-04-19","부산 동구 85로 91"
"c080eb84-8b37-4213-9af2-e40095b88633","조상민","male","41","1983-08-23","대구 동구 12길 72"
"6fc16c16-2f13-40ac-b7e9-74de6a86a20b","임승진","male","39","1985-07-21","대구 남구 47길 70"
"437e1ba1-05fc-4ffc-8e10-03910062e24a","조승진","male","62","1962-06-07","서울 중구 51길 54"
"12cf141d-7c98-4ed5-8504-eba6f9026b02","조승진","male","40","1984-07-05","서울 강남구 14길 84"
"f3797eca-f601-4584-a504-8982f392ae09","정흥제","female","56","1968-10-27","대전 강남구 73길 23"
"a0537b7c-25c8-4213-95c8-0c60a29ce039","김상연","female","57","1967-02-13","대구 강서구 49길 45"
"97392457-2fe8-457b-83f2-b8a8e3a58eee","최승진","male","62","1962-09-23","대구 중구 99길 78"
"7773b035-0d6b-40d8-bcc9-5237e1b49af0","맹승진","male","51","1973-09-19","부산 북구 12길 15"
"bbbcea47-3a83-4516-ad01-a0c06adb2628","김정미","female","61","1963-11-19","울산 동구 5로 70"
"6f9bd331-9fb2-4bfc-b2e9-a6b29e2d3765","맹영록","male","54","1970-06-26","울산 중구 45길 52"
"444b4a53-28a8-460c-9eda-89f7005b1408","김재은","male","32","1992-05-10","울산 강남구 52길 96"
"372de02c-ac87-4281-8ff7-fff0ff2f78b9","김재은","female","37","1987-06-01","세종 강서구 15로 51"
"f0c2d069-d6b7-44ba-8103-be67f7c8c637","박선진","female","40","1984-03-01","대전 강동구 66로 32"
"6e9c5265-4287-4d3b-97cb-458452fb232c","맹선진","male","64","1960-06-17","부산 강동구 25길 31"
"b8604746-327b-4d07-a607-34b0443f5292","조영록","female","40","1984-08-17","대전 북구 70길 32"
"4aa6d8fc-d4b8-44a0-ba59-424635685fae","이상민","male","52","1972-12-18","광주 동구 35길 96"
"13f5f436-9118-4280-a996-81393c7522bd","한승주","male","66","1958-12-16","울산 서구 77로 99"
"171cc294-d178-442e-b351-500fa4e91120","조재은","male","37","1987-11-21","대전 중구 35길 59"
"eb452a25-2e12-43ef-83d0-4cacb7d0d8da","한상연","female","29","1995-09-06","대구 북구 98로 11"
"2a3a8b42-ae85-40c3-8f70-ed8af160513d","박정미","male","47","1977-03-21","인천 서구 36길 19"
"a209bb0d-55bc-4757-afcd-8bce76c3a293","김흥제","male","25","1999-05-11","광주 북구 85로 58"
"fdbce81d-6ce9-4940-beff-87f447d68687","윤흥제","male","26","1998-02-26","부산 강서구 26로 12"
"a7d6b5fd-cab2-40bb-ba20-82116aa97ae3","박재은","male","27","1997-08-19","광주 강서구 99로 85"
"acf66c37-9817-47a3-bcf5-b141a5f54a75","강정미","female","49","1975-07-04","세종 강서구 34로 83"
"09355dda-aa18-49c3-98f5-80a0c6b81d20","박선진","female","21","2003-11-22","대구 동구 68길 74"
"a5bc6d32-79cb-4c33-b3cd-e2411401ff6e","최준하","female","64","1960-02-23","서울 남구 67로 27"
"b3160c0e-b093-40e5-9561-ea8b66a7cdf4","장정미","male","27","1997-05-27","대구 동구 49길 31"
"53cab201-bf18-489a-bef8-1095876061cc","윤준하","male","69","1955-12-01","울산 강남구 7로 50"
"4ff0c487-40d5-49db-a936-4b2672bc7fab","강수형","male","21","2003-08-14","광주 강남구 26길 43"
"9faa6591-15a2-4927-98d4-a0088da3be71","김승진","female","61","1963-03-04","서울 강북구 86길 68"
"4b6f1954-1856-44b0-aec6-7b65b6abdf2b","한흥제","female","53","1971-03-22","세종 북구 99길 15"
"7d67dfad-84d4-4935-a707-ad0a78d9525a","윤재은","male","51","1973-05-02","대전 북구 87로 54"
"4259e7a8-3ea2-4699-a7b0-dc473eaf1bd2","김재은","female","21","2003-04-23","부산 강남구 71길 64"
"acc1c51c-4e9d-4df2-bca9-0d3fe5c9a991","정승진","male","56","1968-08-04","울산 남구 68길 82"
"8ebd39eb-6205-4eb8-a44f-545737d8674f","윤상민","female","24","2000-09-08","대전 중구 72로 89"
"6caf5f43-17e6-45ff-abac-2f972462cec3","김준하","female","66","1958-02-20","서울 서구 22로 87"
"364de20b-9ea9-45d4-9947-ceda4064f78d","정재은","female","28","1996-02-02","서울 강동구 41길 85"
"54d6be24-f134-450f-be0a-8fd9332b09fb","맹준하","female","42","1982-07-23","서울 북구 37로 98"
"4f2a7f2a-c77c-4f6a-8555-b11c037fcd1a","장상민","female","57","1967-05-20","세종 서구 28로 96"
"9e9ef67a-0714-4fe1-91e2-70a09c4989fa","최수형","male","57","1967-05-12","인천 강북구 30길 25"
"1cb0b965-885d-46cf-9c70-b759ea82f800","장상연","female","51","1973-11-01","인천 남구 9로 98"
"b747e89a-3fb2-4b67-b1cc-a954c1df50c5","박정미","male","42","1982-08-11","대전 남구 21로 57"
"2a16e4e7-ab89-4342-9e0d-a917048b3785","박정미","female","40","1984-10-10","대전 강북구 15길 38"
"42f1a4f6-6f74-499d-9381-b769056b2215","박정미","female","54","1970-03-01","대전 남구 48로 58"
"be9b6a9f-b877-495c-993f-0e462df901b5","김상연","male","61","1963-12-05","광주 북구 82길 57"
"6da1f69a-6c3d-4331-9f4b-143ca4d09965","최흥제","male","50","1974-11-19","대전 강남구 12로 91"
"ef110a95-6eb9-456f-bce7-040adee64f71","장승진","male","25","1999-08-07","세종 북구 22로 25"
"6146a167-81db-4c46-bf45-bc9960a4dc7e","최정미","female","28","1996-12-11","울산 강동구 7길 8"
"64fad560-e595-4574-9ed9-c7c0031bd34d","강병규","male","50","1974-04-09","광주 중구 97길 44"
"0f5b1f2b-8515-43c7-a06a-1d9b0666020a","맹선진","male","50","1974-06-11","광주 동구 86길 94"
"4afd176a-7489-405d-9237-34290cf0dba7","장상연","female","36","1988-10-10","세종 북구 85길 7"
"18171be5-a772-4320-9223-37a8261e863d","정준하","male","43","1981-11-15","부산 강서구 36로 18"
"5a350fd9-f53f-4952-8631-d0f69ceb885d","한준하","female","69","1955-03-18","서울 북구 83길 81"
"886be9dc-5056-482c-8001-e1b4576c492e","최병규","female","37","1987-11-18","세종 강남구 14길 73"
"1b8ebb67-c33d-4266-9420-1596f3b21a0f","박영록","female","63","1961-03-26","서울 북구 24로 81"
"0157a6a4-10d2-4069-bdbb-cd13dad8530d","장재은","male","55","1969-04-14","서울 강서구 69로 78"
"366b129c-e9a1-49d8-8449-bac54a3b0263","임윤경","male","33","1991-01-03","대전 강남구 4길 62"
"0688ac24-98ed-4e32-97e5-c78a30f98412","이수형","female","50","1974-06-16","광주 서구 69길 29"
"acf5a4f5-7e43-407b-a158-8332707c48e4","박상민","male","58","1966-08-02","대전 강서구 86로 42"
"6ec3505e-ab4c-4af9-8e00-172fc50af067","박선진","female","32","1992-08-13","대구 강북구 1로 19"
"a49938ff-5c17-4c6c-99c8-d23a7146c94b","최준하","female","37","1987-12-16","대전 강서구 1로 49"
"9b2bb7b4-37b5-4636-bd93-4616e79d18cc","최흥제","female","63","1961-03-19","대구 강동구 46길 77"
"01ffd483-0703-4562-be55-810f62fe78c9","장승주","male","30","1994-12-20","세종 서구 82로 14"
"ac786c2a-b455-4845-8833-fe14cf338001","강흥제","female","63","1961-01-06","대구 강동구 34로 45"
"1991eb60-921c-4dda-9bd8-636ceec92d58","김수형","male","35","1989-10-04","대구 강북구 27길 76"
"365f8bb4-723f-43cc-9dfc-d59a8b703bcf","임선진","male","25","1999-06-07","서울 북구 33길 81"
"e04c884c-1f86-40d1-b604-5c0c8ba6b254","강상민","female","24","2000-10-15","광주 동구 27길 85"
"3cfe3fb2-a52e-44c5-87e4-62397ec67db6","이승주","female","49","1975-11-03","서울 서구 69길 35"
"ce263d1f-b5a4-4405-9a30-9ddc3b400c2f","장준하","female","38","1986-09-10","서울 서구 48로 38"
"903abaea-f300-426f-aee2-048212e6be6d","강윤경","male","23","2001-07-28","서울 강남구 12로 39"
"890d9f75-ff8f-412b-9f49-93f099677e08","윤정미","female","69","1955-03-26","서울 강동구 95길 84"
"b7089a81-3d90-4145-9fa4-ea82df64bd84","임상연","female","53","1971-12-24","서울 강서구 79로 85"
"173072eb-eb92-47ce-9a1f-c244efd3706c","장상민","female","32","1992-10-06","부산 강서구 79로 16"
"5ab1358e-62d2-43f4-9a1c-13125d337d76","장승주","male","42","1982-01-17","대전 강동구 39로 63"
"e8958f55-a577-404b-82a9-74d4a7a04472","박흥제","male","32","1992-10-25","울산 동구 9로 83"
"07892aa0-6329-4724-9b61-92835e647cfa","정흥제","male","59","1965-04-24","세종 북구 21로 43"
"cea3f0a6-792e-4c00-9a8b-5b17efe1b509","최상연","male","64","1960-10-02","대전 강남구 90길 3"
"788a05d9-54a2-4681-9174-7f5301276d23","박흥제","male","50","1974-01-12","대구 강서구 71길 33"
"64bf563c-a3b1-4b59-993c-3dc3a75fe75c","김영록","female","31","1993-02-09","광주 중구 1로 17"
"a36a4cbf-fcb4-422f-b409-8f39cdcf9cab","이윤경","female","68","1956-01-01","대전 동구 14로 40"
"29537052-23cd-4bca-bbb0-d4db8df261d2","이상연","male","43","1981-04-24","대구 중구 39로 14"
"ae61da37-7565-44f9-af77-aef04e0c1680","윤수형","female","41","1983-12-10","광주 동구 19길 78"
"c3e6a29e-bf0b-4e4b-a978-b5b6b009301a","박승주","male","31","1993-10-26","대구 동구 30로 51"
"96a36b02-dd99-4e00-808a-50b7108598e6","임흥제","male","27","1997-07-22","서울 중구 91길 34"
"7a72e1a2-6c61-42f6-823c-aa5446cabc18","김흥제","female","35","1989-10-07","광주 동구 61로 77"
"d7c8f8ce-c163-46c2-bffd-522fecf59640","김정미","female","20","2004-04-25","세종 중구 78길 2"
"ee854a93-ef16-4ba9-809e-dc5af2622eb9","한재은","male","30","1994-12-16","부산 서구 16로 29"
"4e5540fd-24d5-4fe1-849c-361abefbbb7e","정수형","male","44","1980-10-24","세종 강북구 65로 92"
"1d706930-d345-4019-80ae-5f87d8da62d5","강윤경","male","43","1981-02-19","세종 북구 70로 51"
"10c46ec4-a856-448e-9a0a-790e75ea33ba","임상민","female","66","1958-06-06","부산 강북구 68길 10"
"69b8cf75-e79b-456a-9b2a-4fd7d3a46e21","맹흥제","male","62","1962-10-19","서울 강동구 67로 54"
"95f9f1c9-ba8d-4b3c-b03a-6269afbc6e08","정병규","male","40","1984-10-11","대구 중구 13로 49"
"026009e6-7429-49a9-94cb-2c2b5ef3709a","정정미","female","35","1989-02-19","서울 강동구 86로 60"
"98ca6b26-e2dc-4bfa-8570-0e36ade53b5e","최흥제","male","37","1987-06-11","부산 남구 22길 15"
"7a9c6df8-a943-4dbd-9990-7a964dc771ff","임선진","male","30","1994-04-28","울산 동구 59로 6"
"92983778-1893-45ec-a4f5-292127f546ef","김상민","female","38","1986-09-03","대전 강북구 99길 69"
"e9ead3d9-050d-4860-a63d-291c8cb82ca4","윤영록","female","32","1992-04-07","인천 남구 40길 37"
"06f03800-c422-4058-b9da-0c467caa3b94","이승진","male","49","1975-10-12","광주 남구 41로 90"
"9f620226-4ce6-4f70-bd98-34f616d6ef38","강정미","female","31","1993-12-26","세종 중구 6로 90"
"895430fd-5548-4cdd-b113-d76761d2931a","정상민","female","58","1966-11-17","부산 동구 63길 93"
"520466e5-da15-4950-b7db-5873f537efe7","한병규","female","48","1976-11-09","광주 강동구 71로 77"
"52bcb2b9-fa3a-47ab-9469-3b95234f78a3","이선진","male","31","1993-07-17","대구 북구 15로 85"
"a70080f6-388b-4eef-aea4-836ad5b0959c","강승진","female","51","1973-04-26","대전 서구 21길 65"
"20597abc-c43f-4a00-92de-ceab4a7af389","강승주","female","42","1982-11-13","광주 강북구 15로 95"
"a69f2cc4-b6fa-4e21-a214-f502ce33ad97","정영록","male","20","2004-02-10","광주 남구 20길 8"
"b0342b11-338f-499c-8128-1a4186f73e85","조흥제","female","43","1981-12-24","부산 강남구 63길 68"
"ac48cf5c-930d-42bf-b661-d9c3e0b4aae7","정승진","female","43","1981-09-16","대전 남구 49길 72"
"53f721ad-e0ce-4753-ae4f-321c450bc639","윤수형","female","69","1955-11-16","대전 강북구 75로 37"
"6d714f0a-b619-4bdd-8c85-9efaf04835f5","정승주","female","58","1966-08-20","광주 강남구 57로 30"
"d0c2b6e4-4ada-4727-8dba-9421b99b00b2","장상민","male","65","1959-06-23","대구 서구 89길 39"
"0490e4f6-27e3-450f-97a2-07cd82128474","장영록","male","51","1973-07-25","울산 강남구 16길 66"
"f2bfcb50-5228-4c17-9d58-6d9a65b4acb5","임승주","male","41","1983-01-15","인천 남구 6길 13"
"42b5df37-547a-4fac-ba31-0cb65dc46852","윤승진","female","23","2001-08-20","부산 서구 96길 50"
"22ab6385-19d5-4e5f-a9df-df7736ca7e9c","한흥제","female","58","1966-01-09","부산 강동구 53길 17"
"54748a2b-67f1-4458-bef7-61adbccc6ea3","최재은","male","56","1968-05-09","서울 강남구 79로 83"
"8a824d6f-11a4-4d1d-ac28-1c56a635b2b3","맹영록","female","28","1996-09-08","서울 동구 92로 23"
"d5789cf0-2c01-4be6-a94e-d8157fb9e91b","한윤경","male","57","1967-12-25","울산 강북구 61로 23"
"90e5cdbe-fb2b-40df-95eb-1d9b956c5225","박준하","female","24","2000-05-28","대전 남구 1로 86"
"f117356f-9956-4372-bb84-5315f38ffd80","김상민","male","26","1998-04-12","광주 동구 79로 48"
"b5b600f0-2ec9-45f0-bdef-924fb3f9f94d","윤승주","male","54","1970-09-11","대구 남구 34길 37"
"11f3680f-f637-42d3-8b39-67f734df277f","최수형","female","38","1986-11-23","서울 서구 29길 6"
"cebd34fd-5365-40b3-a83a-6acd0d967842","이영록","female","64","1960-11-15","울산 북구 88로 42"
"e75d8387-2d76-4b94-806c-6c1486ee9c08","김승진","male","26","1998-12-16","대전 강북구 73로 19"
"03d73814-c4db-435d-9b4a-f3e99872bd66","맹상연","male","40","1984-07-23","광주 남구 76길 25"
"a9db19d0-fd32-47d8-9f84-804e0817732b","조영록","female","55","1969-01-10","세종 강동구 37길 20"
"18a69152-4e30-4cb8-b310-8937ad83ed1a","조승진","female","48","1976-05-06","광주 남구 39로 13"
"18a9e172-cdcf-4547-b834-dbb4793f0b4c","김준하","male","67","1957-02-02","서울 강북구 31로 55"
"68bb0261-1f5e-479a-93ea-753908f9bae2","윤정미","female","69","1955-05-15","부산 강동구 76길 67"
"b60df4a1-1582-4488-9eb4-0bd5118986b5","한윤경","male","37","1987-06-01","대전 강서구 25로 20"
"f8a81801-c5ab-4695-8727-ed1357f1438a","한재은","male","69","1955-06-11","광주 서구 86로 37"
"8aa767eb-09a4-4965-8633-a958497e55d6","장재은","female","24","2000-10-07","대구 남구 47길 86"
"ac36d7c1-0c45-4e13-a97e-1ab08b251e6b","맹정미","female","69","1955-07-10","광주 남구 20로 88"
"47f383d7-c4d4-4310-b4eb-0cd15771d37e","조상민","male","42","1982-07-03","세종 북구 56로 42"
"57e1c4dc-fa3d-4c5f-ae3b-4f07876d321d","박상민","male","36","1988-07-12","세종 동구 33길 90"
"10c644c0-f472-43f2-85ad-e717c4501fc5","임윤경","male","23","2001-07-10","대전 북구 41로 20"
"ed781075-02f5-4ff0-a35b-0ac12210fa5b","정흥제","male","69","1955-02-05","대구 남구 3로 98"
"be8056b9-c312-4227-8167-f4a6527bd1e5","임준하","male","64","1960-11-02","세종 강서구 94로 25"
"85f33897-6799-41f9-b5a6-c07d8c4ce6a0","정영록","male","60","1964-04-23","서울 서구 4로 64"
"dbf865cf-3c4b-4080-bab0-7fbb080a8c4e","박상연","male","24","2000-12-12","대전 서구 93길 5"
"d077f683-79e2-4c66-9416-e2efc34b204f","이상연","male","48","1976-10-06","인천 동구 77로 17"
"fa42c027-46d9-4e16-91d4-b0d2464e145d","박승주","female","22","2002-01-28","울산 서구 56로 3"
"1807bf06-7205-487e-8ab8-2501157a2811","김승진","male","55","1969-12-23","광주 강동구 84로 49"
"eb9da000-5138-4e75-ac7e-d2d8b456a2cc","윤정미","male","25","1999-04-14","대구 북구 7로 14"
"f58a6082-4128-4da5-a1d8-59b9b786ba73","강병규","female","60","1964-09-05","대전 강서구 90길 35"
"7b38831f-2c45-4c45-8014-4cb2ff4c5bbb","한윤경","female","36","1988-04-26","인천 강동구 68길 62"
"87e21d28-be89-48bf-9bf2-0cf59ffec1a4","조수형","female","24","2000-12-15","부산 강동구 83길 93"
"f6662075-1d9b-4031-a69f-47b5d06e930e","최정미","male","25","1999-03-02","부산 강북구 47길 85"
"1c2446db-19c4-4b0a-a2e4-bbf7a9a0024d","정상연","female","35","1989-05-04","울산 강동구 52로 37"
"fca32b01-acf5-454b-ab46-6c061bfc91b3","맹상민","male","61","1963-08-04","세종 남구 14로 61"
"c6486c83-4c1d-4a76-a690-931a40935e88","한영록","female","60","1964-01-20","대전 중구 85길 70"
"e88e6b3a-fc8a-4d2a-9e20-2fce0e4311f2","정승진","female","58","1966-11-01","세종 서구 69로 31"
"5332ed94-9910-446b-8a86-0ed650877f14","정상민","male","44","1980-04-25","서울 강북구 87길 57"
"66d6ea38-7021-4f1e-9c45-2cb24a27292d","박흥제","female","51","1973-01-16","부산 동구 39로 98"
"2fedcd8c-bba6-49f5-8862-e789c5d4d133","정준하","female","61","1963-10-20","대전 강북구 33길 69"
"a858d883-86dd-44ae-8a1a-0ff5487d3ab2","장재은","female","66","1958-01-23","세종 강남구 6길 9"
"3f2b1909-2869-4cb0-9b3d-a58d00a93258","윤선진","female","53","1971-05-17","대구 강서구 39길 82"
"ddabeeb3-8061-440e-b3de-01d861a273de","맹윤경","female","48","1976-05-03","서울 강서구 44로 32"
"fe4e9699-a40e-49e0-b8a7-46814dd8b39a","한상민","male","48","1976-12-18","부산 남구 31길 54"
"d9f4e78c-7a14-44df-9c14-96458d92d76e","최영록","female","38","1986-05-22","대구 강북구 85길 61"
"acbb4b06-4e26-45ad-94b6-ad612c26ff5d","강수형","female","63","1961-04-13","세종 강서구 63로 58"
"41275f64-a616-4907-bd39-a930882d4b48","이재은","female","30","1994-02-28","광주 중구 5로 8"
"b7132d8a-a8b6-4131-8cef-275c7c6461d5","김영록","female","34","1990-10-17","광주 동구 13로 85"
"cbbcb031-831c-49d0-b229-476e6de224e9","맹정미","female","30","1994-06-22","대전 북구 47로 44"
"583ec18f-c91b-4f56-858c-bfcd1409671b","정흥제","female","49","1975-07-25","부산 강북구 43로 14"
"a1185c12-0358-47e4-aa4c-5b01fbc2a9e6","한정미","male","66","1958-03-21","울산 북구 61길 3"
"369750cd-bbf6-4398-899b-f219c48ceeab","이승진","male","64","1960-05-11","세종 강서구 52길 23"
"c5c92688-cfc6-4fef-ad6c-298be069cc18","강병규","female","40","1984-10-06","인천 강북구 7로 79"
"f93d4aca-70d7-43b8-a94e-3f8b6b8e9708","한상민","male","67","1957-01-17","세종 서구 11로 45"
"860c4632-8c10-4e37-9dff-fd088b35c287","이승진","female","66","1958-02-02","부산 강서구 13길 53"
"af76723b-e38c-4ed5-9283-efdffe67fb20","임선진","male","57","1967-10-13","세종 동구 61로 79"
"3bc55d75-f4ee-4937-9f7a-f55fa4abf112","조선진","female","34","1990-04-02","세종 강서구 44로 59"
"6f364d9a-0130-4b28-929b-cfc225240918","장재은","female","41","1983-08-19","광주 북구 72길 3"
"d63fdaae-9093-4604-9ff9-791779b2478a","강재은","female","48","1976-01-12","광주 강남구 64로 69"
"7f9547da-57ea-4175-b1ea-52443803f6e2","강수형","female","23","2001-02-12","울산 북구 77길 43"
"95619552-c766-4037-a774-4713221af1fb","맹수형","female","56","1968-02-25","서울 강서구 66로 64"
"2701e19f-a8aa-46e6-af35-be9a3800651d","장윤경","male","65","1959-06-19","세종 동구 74로 24"
"fd1ca907-1c98-4ca0-8f71-524af912f51b","임병규","male","43","1981-11-05","부산 서구 71길 35"
"1991eb55-de85-44a4-8b03-8566de9d5b52","한상연","female","67","1957-03-05","세종 남구 94로 96"
"066e98e0-2b43-445e-bd55-10d4c8a88b39","윤영록","female","59","1965-10-26","대전 강동구 90길 9"
"1da4ef63-2837-461d-b5d8-a1536f6d131c","이영록","male","40","1984-06-26","서울 남구 27로 5"
"b9c54d78-5b08-4d93-b8a0-f1ddbd0930f3","임재은","female","33","1991-02-27","대전 중구 2길 9"
"a8113eeb-b553-4832-9458-bd1c18027b64","장선진","male","41","1983-03-15","서울 남구 79길 83"
"54d00d99-ad67-4c2a-a337-e687e05a1e04","윤승주","male","68","1956-06-05","인천 강서구 34길 16"
"bcae904c-8bbb-4b34-80f8-31e071e18823","이정미","male","40","1984-05-14","광주 강동구 48로 56"
"15d68970-c3f2-40a1-852c-cd7399d14680","최선진","female","24","2000-05-13","대구 서구 52길 99"
"45cc5ebd-1d94-4382-992a-8e32043bace5","맹상연","female","64","1960-04-27","인천 동구 83로 72"
"0f601c13-2cdb-4e02-8233-6029b720a5ee","장상연","male","52","1972-06-24","세종 동구 30길 4"
"b6cb0a09-12ea-49c7-85a3-3ed14cba6e7c","강준하","male","31","1993-06-14","서울 강서구 65길 29"
"d5f8da51-e241-4d99-b5f7-f77e3e01f941","장선진","male","29","1995-05-12","울산 동구 1로 46"
"0a26b750-77cc-41f2-87d4-70c796d81c92","장승주","male","42","1982-08-13","인천 서구 91길 99"
"b784758c-91a3-4fc7-b1d3-7d0e9e543d7f","정흥제","female","61","1963-01-10","울산 강동구 51로 41"
"af317741-cb92-4ead-a4da-fb3db51bbf26","강수형","male","55","1969-08-03","부산 강북구 90로 98"
"b24a4700-9d6f-4b30-936e-3fe876b671de","강정미","female","37","1987-06-01","인천 서구 99로 39"
"501ffb40-6043-4fa3-a4d9-46c322bf1d19","장재은","male","27","1997-10-16","대전 강서구 9로 77"
"b807304c-6481-4567-b54e-f67a46d6b123","맹영록","male","21","2003-03-13","대전 남구 86로 97"
"88f38a10-6888-4108-bb61-b2449f2352f9","조병규","male","63","1961-07-17","세종 강동구 15로 93"
"e8d64132-26ad-49fd-b193-693877b29e4a","맹상민","female","35","1989-08-04","인천 강서구 42로 36"
"1e93a022-ccb4-48f0-a13f-97362aa2531e","정상민","female","69","1955-06-22","서울 동구 62로 4"
"bd73e40e-37f1-4807-9634-d60cf854ae8e","정승진","female","57","1967-08-09","인천 강서구 77로 79"
"9c10777e-92eb-43a3-9d4b-d582d8365235","정윤경","male","24","2000-05-15","대전 강동구 3길 13"
"92c4aa1c-7e7e-43b1-bdfc-6c823689889b","한수형","male","67","1957-09-15","광주 강동구 10길 54"
"3a4ba29d-04be-4d74-a885-6023acfe0922","윤정미","female","51","1973-10-28","대전 동구 72길 87"
"4e14809b-ccf6-4dd6-852d-918ca126acef","이상연","male","36","1988-05-20","광주 중구 60길 77"
"778445c7-fd37-452c-92db-8514f3fd79ec","장수형","female","22","2002-04-12","부산 동구 39로 84"
"db762430-5729-4c65-add2-d2f43a7899cf","김흥제","male","49","1975-06-23","울산 동구 13길 68"
"afa06021-c832-4fc5-87bf-997c097f286b","김선진","male","53","1971-04-19","인천 강북구 1로 67"
"00f302d4-109d-47d5-a387-098bfb0b0f58","이상연","male","39","1985-11-01","대전 동구 43길 42"
"1b1790b1-f2d9-4562-9b74-d6e6a7f5daa1","윤정미","female","52","1972-12-03","대전 서구 4길 5"
"38b013d6-94b5-44f9-9b47-741fb010fffe","최정미","female","33","1991-04-13","울산 서구 12길 62"
"9a21b76f-2fd8-41c7-99ac-cf09eae37f82","이준하","female","50","1974-12-08","광주 북구 56로 39"
"38e2ef2d-1803-4e8c-be8a-0549890f8b19","박재은","male","56","1968-05-21","서울 북구 78로 18"
"5fc0dacf-9e77-4ce7-94b0-779bcb9bd635","정정미","male","23","2001-09-09","서울 서구 32로 27"
"f7215ee9-8ae2-48d7-90f6-e91bcda966c2","이영록","female","53","1971-03-26","세종 강서구 44길 55"
"798e5689-824f-48ff-85d2-338679f49ec0","강상민","male","61","1963-06-10","인천 강남구 4길 83"
"8f602bb1-5c96-4f7b-8c7c-0f0e70e44812","강선진","female","31","1993-05-08","인천 서구 28로 79"
"e3a3603a-2b39-4294-add1-40387125e0a3","김수형","male","33","1991-01-21","대전 중구 29길 50"
"602eb537-0500-4a60-b8fe-3b4d28c774da","임상민","female","41","1983-02-07","대구 북구 96로 51"
"32c640a0-216c-46a4-b94a-bf3b70da7799","임준하","female","38","1986-02-28","서울 중구 63로 65"
"8c499d59-88f9-4116-833d-09a645aecb00","이상연","female","36","1988-12-21","울산 강서구 41로 73"
"273bc25e-37af-4dea-8b0d-87ad8b8ef8be","조승주","female","33","1991-07-18","부산 동구 65길 71"
"b5175ce8-8f23-4602-970c-47fd62352c87","정상연","male","45","1979-12-03","대전 북구 44길 9"
"2c77f5d0-fb56-45f4-8000-1d3d1aaecc6c","정윤경","male","64","1960-09-06","인천 남구 29길 69"
"14f63a6c-6cac-44a4-9901-4da3a57cda16","최승주","female","66","1958-02-03","서울 강서구 67로 74"
"b81af07a-1280-4a8e-a558-0c66996d0993","맹정미","male","41","1983-12-01","대구 중구 50길 65"
"0daccead-9a27-415c-9ca4-cc9c313dfea5","박병규","male","29","1995-09-06","울산 서구 83로 76"
"833c3263-e138-46d4-b9b8-dc68afc5cbb3","박상민","male","51","1973-10-24","울산 북구 7길 12"
"ce9ba147-b1ae-4508-a341-1ff13383f63c","한수형","male","52","1972-08-02","대구 중구 40로 22"
"11da5623-2bf0-4158-b3df-64ed1deb316b","최승주","female","44","1980-05-15","대전 남구 33로 27"
"8a0bbd70-2825-49e4-b963-da456a1cbfa6","최수형","female","48","1976-12-24","대구 강서구 73길 99"
"6d392282-a9a2-49d9-9dc2-c7affdca78b1","조영록","male","29","1995-10-19","대전 강남구 39길 73"
"a13cf56b-ffd7-4a58-b9ee-69b9c04c5448","조재은","male","40","1984-11-18","대전 강북구 80길 32"
"f6740d66-05ab-4ccf-86bd-3e5fc6b058c8","강승주","male","56","1968-11-03","광주 강북구 81길 16"
"195bb890-d696-4dc3-a062-95bceba78112","조윤경","male","59","1965-02-06","인천 강남구 47길 17"
"18a78f8f-ed04-49d3-b9fa-185fb5cc956e","한준하","female","27","1997-11-11","울산 강동구 80로 83"
"a45031f2-7d7b-4875-838b-8adcb1cce2ac","이상연","male","20","2004-12-16","세종 서구 69로 86"
"015a8a07-f0f1-4f5f-b3b7-d27bb6f0733a","맹준하","female","52","1972-09-07","광주 북구 58로 68"
"3ea76832-aa20-4a49-b74e-630c0e918317","장승주","female","31","1993-03-17","부산 남구 18길 70"
"96b35ffd-dac5-4ac0-b6f0-ce503ed7291f","이정미","female","47","1977-05-13","광주 강동구 46길 84"
"d5a98ccf-a956-4592-bb49-01aa722e10a7","최선진","female","39","1985-08-20","부산 강서구 58길 92"
"084757cf-11e5-47a3-9d97-8923bd429da7","장상연","female","69","1955-12-12","서울 강동구 13길 86"
"fde9cd69-1b10-4d59-9ee4-fbf601ade2eb","이영록","male","41","1983-06-23","세종 강동구 99로 19"
"950d1ad6-7c1a-4538-80ec-9b320adde43c","한재은","male","60","1964-11-18","서울 중구 46길 24"
"41ab49e9-7a61-433c-b39a-0e6e4b16a989","맹승진","female","36","1988-01-04","대전 북구 33길 85"
"37adf41f-7a3c-490f-bba2-ee42d885e649","맹병규","female","63","1961-04-08","부산 남구 25로 12"
"e0869de9-d25e-46f7-b07c-bbb85b6b6348","최병규","female","46","1978-04-19","광주 동구 96길 41"
"eee74793-0693-430b-872c-102b82792e44","윤선진","male","59","1965-09-23","대전 강남구 13길 12"
"d01683de-0d4c-490f-b094-85c1cecc85a8","임병규","male","28","1996-07-02","세종 중구 4로 53"
"25ab1f9d-f188-4166-bf74-1a16824bda2f","임상민","female","44","1980-08-17","인천 강동구 1로 17"
"24740331-3803-46de-9d61-97f6634b1356","맹재은","female","26","1998-08-16","세종 남구 99로 63"
"c1659795-a50e-4f51-be41-a6fd03152516","임선진","female","49","1975-03-22","서울 서구 78로 62"
"c527ade0-48ab-4f2c-8a63-7f913ffbf0e7","강영록","female","67","1957-07-10","인천 중구 32로 77"
"2904ab8f-b6f3-440d-ad3f-ceeb830f232b","장흥제","male","21","2003-09-23","대전 북구 60길 9"
"4e8c0b3c-42bf-42dd-b28f-bff2d2fea8b2","김윤경","female","40","1984-08-05","광주 강동구 35로 18"
"5275ea45-9e7d-4ce0-a87b-5d422c4c415c","조정미","male","47","1977-11-17","대전 남구 98로 43"
"a3607c1c-30ed-4541-8779-61423caed914","한승주","male","59","1965-08-06","울산 강남구 19로 94"
"dd4b7d3a-6fa0-4b9c-aaf9-dd35108a03d9","조정미","female","40","1984-03-10","대구 동구 5로 87"
"3868c7f4-9666-403b-b001-ab0b12401981","최윤경","male","68","1956-03-05","서울 강남구 79로 10"
"6ddef962-cef0-41ff-98d5-25697b61fd3d","박윤경","female","62","1962-09-05","부산 강남구 65로 70"
"48c0d100-d50d-4a49-a991-3b24cab0585d","박병규","female","24","2000-10-08","세종 서구 52길 56"
"cde5dd77-4604-4577-b732-6b1a2664ff57","장승진","male","55","1969-06-25","세종 서구 71로 51"
"d28bdbaf-1bf4-4d19-883e-2b66da243937","최윤경","female","37","1987-11-03","서울 동구 68로 44"
"aa80f858-37b7-4e07-9e96-7a27fac588d6","박흥제","female","33","1991-04-25","울산 서구 49길 76"
"83ac5d24-d33f-4ed7-a4a4-0b63e241073a","윤상연","female","27","1997-12-27","인천 동구 8길 70"
"5e842d24-9c0a-48b9-b69d-27d5a52502b5","맹수형","male","34","1990-06-08","세종 중구 40길 43"
"c654da0b-5475-4850-a276-89e37d43dd8b","강준하","female","52","1972-10-03","대구 강동구 25로 13"
"ff17d34f-4c0c-4abc-963f-ce7b357a2549","강영록","female","35","1989-05-28","광주 강동구 20길 17"
"fb617b66-2460-4a42-b1fc-4f2c65425aee","맹재은","male","40","1984-06-08","부산 강서구 25로 74"
"f1337463-36cf-40d5-9683-a467045014af","최수형","female","28","1996-08-18","부산 북구 15로 72"
"d19b9eff-4f79-40c6-a5f9-06c263d5ce8b","박흥제","male","27","1997-05-12","인천 북구 31길 57"
"15e56582-2c63-4fe9-a32d-6117efac5e2a","최선진","female","21","2003-05-13","울산 강서구 95로 87"
"1db2851e-3e37-49eb-a858-1d9c13859d0f","김승진","female","41","1983-10-16","인천 강동구 32길 99"
"bc06eb6c-f42c-4fd6-9aea-c0e54e0c7ecd","한윤경","male","54","1970-03-07","대구 북구 67로 22"
"919b76bd-7f99-459a-8afd-f7e4bcbf8456","장수형","female","38","1986-12-14","서울 강동구 45로 77"
"60264142-257b-4ac2-9825-8cf7d9e0886c","최준하","male","33","1991-04-07","인천 서구 13로 50"
"06f81aaa-64b2-49eb-ae98-d6463003c57f","정승주","female","56","1968-12-28","울산 중구 25로 26"
"064e7860-66e4-4197-a3e3-389dcbb54e3f","조준하","female","51","1973-04-27","인천 북구 58로 40"
"04bc97d6-dd8b-402e-ac9a-fbf0d8be80a4","맹선진","female","26","1998-04-27","인천 동구 2로 41"
"aa4458be-7d02-485b-b54f-1bce092a65d9","강선진","male","55","1969-06-21","울산 강동구 73길 65"
"c6cab8b8-07d0-4df0-999c-7606d5befc17","맹준하","male","22","2002-03-09","대구 강남구 7길 22"
"5e32a186-36d5-4897-a339-edaa00b8c167","강승진","female","46","1978-06-12","인천 서구 84로 81"
"c1e3f6a1-1472-4a74-b098-a25c6a6d315a","최승진","male","63","1961-07-08","대전 강서구 13길 87"
"1c51e49f-f48f-426d-b0a2-e2a8a81408da","맹승주","female","38","1986-10-23","울산 북구 77길 79"
"b3d1528f-7cdd-42ae-b77d-a142632a32ea","박상연","female","58","1966-11-11","울산 강북구 19로 66"
"6fd30b65-206c-404d-bf81-a972faf81e41","박선진","female","58","1966-09-28","서울 강동구 83길 63"
"8ad11faa-347c-4f27-92fb-02d31abfb37a","이병규","female","60","1964-06-25","광주 남구 88길 7"
"26dc84b5-bb0a-44ed-90a3-558d0a75c2a3","임영록","male","63","1961-03-07","서울 북구 20길 94"
"edb58e21-beac-4adb-bb0b-017da34df2e5","임윤경","female","30","1994-11-18","인천 서구 15로 79"
"2576e757-4e09-440e-be65-af2f1134aae8","이승진","female","22","2002-08-10","대전 동구 22길 6"
"0ba66961-5250-4bed-a979-8ff661653231","박승주","male","44","1980-11-27","대전 강남구 39길 69"
"87b03390-1a8b-47ba-9ada-4775d396dbb8","이선진","male","63","1961-12-16","서울 동구 83로 77"
"8441feb1-1df9-477f-8324-d684cd16a0e1","한윤경","female","20","2004-04-10","대전 서구 8길 32"
"39b5a140-f834-4d2d-bd1e-c9a02ecfb306","강선진","female","49","1975-05-11","울산 강남구 88로 48"
"c1cd5604-e614-42c5-8d20-949b3687f6fb","이상연","male","33","1991-04-22","인천 동구 2길 70"
"9fa34554-9a72-4f7a-8241-ced4d6d5fcec","맹승진","male","65","1959-07-25","울산 중구 38길 59"
"353678b2-aa34-45e6-ac3a-06bd154a2734","최영록","male","23","2001-06-15","울산 강남구 95길 30"
"bdde3113-51f4-41a7-9f48-bab219d15107","김선진","female","39","1985-08-04","광주 강남구 37로 82"
"4e1e6822-1f24-41dd-8aa9-b96a6cd7f776","임상연","male","50","1974-01-14","광주 북구 24길 85"
"69df6989-ea9e-4607-8933-3ca3e41b5b23","윤승진","female","26","1998-04-19","울산 동구 84길 80"
"95e1e684-7542-4a32-b666-a3aabd7ad898","장선진","male","45","1979-04-01","울산 강동구 8길 63"
"6a81d607-fe06-4e56-8d7f-51d5b99966d8","장상연","male","31","1993-01-26","광주 중구 60로 50"
"c4e2b192-3ad4-46d8-8d3c-9b0e7437d0a5","박상민","male","67","1957-08-10","대구 강북구 19로 79"
"a83d0846-842e-4f75-bb85-b553705ff1e7","임영록","male","60","1964-04-26","광주 동구 79길 10"
"5991cb61-a13d-4006-bf3c-f76818db3cae","정수형","female","45","1979-10-26","대전 중구 54로 89"
"56292255-fa07-4776-827c-ab73777d6096","정병규","male","63","1961-05-20","서울 강서구 56로 13"
"18a20756-cc97-4758-9569-4635e9e16f2a","최재은","female","60","1964-10-09","대전 강남구 94로 93"
"b13d61a3-aa74-45f8-8907-729b9d8167be","이수형","female","36","1988-03-19","세종 남구 10길 3"
"9eb013a6-f965-45cb-bc84-392bf9432171","김윤경","female","51","1973-08-26","부산 강서구 53길 17"
"79230508-218e-4fe8-b19c-6cda922ff1fc","김선진","male","54","1970-11-09","울산 강남구 46길 43"
"345cc023-e4d9-42c7-bac5-f0235a544157","강승주","female","59","1965-11-02","대전 중구 19길 48"
"106c6835-6a0c-48a3-b99f-c98d8ec16190","정병규","female","40","1984-06-06","세종 북구 97길 81"
"77325fb5-f4e3-43ce-910b-763dccdf4405","장흥제","female","65","1959-05-07","대전 동구 51로 98"
"0b9e1243-0fd9-4d39-bc85-5f4099e2b4f5","이승주","male","34","1990-12-26","울산 강남구 6길 68"
"d2135be9-fb06-4ea6-9cfc-4a2dd34d0cfb","조영록","female","50","1974-04-17","인천 중구 35로 28"
"1e6056d3-136b-462d-b739-08b9026c9921","윤상민","female","42","1982-05-28","대구 남구 32길 71"
"39c99e99-a6d9-4a47-bd52-5e60b03acbfa","이수형","male","63","1961-10-21","부산 강남구 26로 3"
"c78a45c1-6f65-4ee0-834b-adbb3f5aeed3","장상연","female","33","1991-10-02","세종 강북구 28길 80"
"c41584a4-6a4b-4631-a5ce-071c11e42f7d","임상연","female","41","1983-11-27","대전 강서구 29길 6"
"a99921e5-af44-4262-aace-b3a89a136a05","임상민","male","53","1971-11-16","광주 강서구 39길 28"
"a860e803-c592-4e4d-8d54-64e574586adc","장병규","female","47","1977-10-11","광주 강북구 68길 56"
"a1718d79-e59e-40f7-9723-69b033da29fe","윤승주","female","59","1965-02-01","부산 강북구 76로 65"
"9e9101f2-f737-456b-8758-fa14f975484c","윤정미","male","67","1957-09-25","세종 동구 89로 85"
"8a66df07-6fa0-47f4-bdaf-38cf7ee630c3","김상연","male","21","2003-07-08","서울 강서구 71길 30"
"f9935d0a-8d17-4d35-9240-a60d9dca8a24","강영록","male","58","1966-09-25","부산 동구 90로 55"
"36420770-8432-455c-aec9-d880938ecd91","정승진","female","37","1987-08-25","광주 중구 94길 12"
"ceff64a4-1605-4090-bbff-a20a3dd46088","김흥제","male","41","1983-10-08","대전 중구 76길 2"
"bc01e30c-a483-4aea-9feb-7a3688c9af88","조재은","male","29","1995-01-15","대전 중구 98길 6"
"437fdc3f-d636-47ed-87b3-bfdb046c1d47","조수형","female","42","1982-08-14","서울 서구 52길 25"
"f531048c-d458-4862-8c82-455c5811f128","윤상민","male","33","1991-06-10","울산 북구 22길 11"
"83bc660f-d03a-4442-8386-8d82643fa0b8","최선진","male","53","1971-01-10","대전 강동구 10로 74"
"89164716-15e6-4e68-9ef7-6386ebdcb417","윤수형","female","64","1960-02-09","대전 중구 95로 70"
"b7ed8cd9-2993-41d7-ad0d-fb1a79e05aeb","한병규","male","53","1971-02-20","대전 강남구 30로 24"
"fde101fe-809a-4724-80aa-59c945db6c64","한윤경","female","64","1960-01-18","부산 동구 61로 83"
"89173e37-fdb1-4a97-b8b0-312f5ecba599","김흥제","male","34","1990-05-23","광주 강서구 92길 38"
"e2057c34-7039-4b13-ac94-11448a014f0b","윤흥제","female","64","1960-07-14","울산 서구 79로 31"
"8f7b46ab-280a-49d6-8e35-5ed1a12ba419","장영록","male","44","1980-09-22","세종 북구 5길 34"
"c14bf349-3f36-4fd6-8f9a-8dca2dd03cec","최승주","male","50","1974-09-19","대구 중구 79길 10"
"e26e5f0f-66ca-40cd-bd90-24a21ff6448d","정승주","female","33","1991-06-16","울산 북구 36로 42"
"b8a96d00-b944-4e34-a8ab-ca468319b37b","조영록","female","20","2004-06-11","광주 강동구 81로 2"
"8c7377e3-2365-4285-9f94-8e8dd5ee6860","맹윤경","male","68","1956-08-20","대전 서구 76로 4"
"15130714-befb-4527-b011-3921abb10845","이준하","male","59","1965-12-19","세종 강동구 3길 3"
"c5708605-c77a-4baf-8256-8333e5479693","조상연","male","67","1957-05-22","대구 강남구 84로 4"
"47a1112c-1eb2-4b30-8624-017079bdd7b0","박윤경","female","55","1969-09-06","대전 강서구 21로 97"
"d5d911c6-4577-4b64-b0b4-cb5855bce2e7","조수형","male","53","1971-02-26","서울 동구 35길 92"
"ca8fd5ed-0b8a-4bec-ba78-df782228e36d","정상민","male","66","1958-06-06","세종 동구 65길 31"
"e93ab46c-5603-4479-972d-5f1ba3d24ca0","장병규","male","53","1971-03-10","광주 강남구 18길 53"
"4731c7fe-8594-40ab-91c2-8445b4fb09b7","조상연","male","64","1960-03-10","부산 강동구 79로 52"
"1649901e-6efb-4d4c-a209-3b2e2ac5e1b1","장흥제","male","47","1977-12-06","인천 강동구 15길 82"
"aab3199a-aaa6-4421-8894-97b5f37505c6","김준하","female","63","1961-03-23","서울 강남구 56길 13"
"209ee082-75ba-42ef-92bc-bc1338a2bb87","윤준하","female","46","1978-03-05","세종 강북구 8길 81"
"6fb1a1b5-2317-41f6-bfdb-fdce2f8c9f0b","최승진","male","37","1987-05-04","서울 중구 76길 75"
"7cda4d3e-c7ae-44ba-8b2e-0ffaa24a7957","박상연","male","43","1981-06-20","대구 강남구 48로 67"
"9f293b43-ea5b-4b9e-89a4-f3dac2d0926b","윤준하","male","23","2001-05-05","울산 강북구 71길 11"
"9582caaa-eeb9-4b9d-9fc3-530d9a1f4fdf","강정미","female","43","1981-04-03","부산 중구 8길 47"
"3aa293ba-2f48-4e75-9081-6225fc738e77","이승주","female","56","1968-05-03","광주 남구 55로 70"
"669d5e32-f571-4efd-b7df-0a3c95ca2fba","임영록","male","42","1982-10-06","세종 북구 48로 47"
"1a0afd43-14bc-48c1-984a-8ae9e6ee2a48","조윤경","female","69","1955-01-26","대구 강동구 19길 21"
"ac86787d-564f-421c-90e6-9eeb983c4735","조영록","female","62","1962-08-20","인천 강남구 39길 8"
"55abda96-72c6-4cd1-ba7b-29c43f209303","맹수형","male","68","1956-08-08","세종 강동구 25길 76"
"e7b38d80-74a1-4b0f-8a39-43125af6c60e","임정미","male","20","2004-07-18","울산 북구 37로 10"
"9aa463d5-fdd8-409a-81ef-df26c35ed3ae","임흥제","male","32","1992-12-12","울산 강북구 49로 95"
"c3ffcc1a-315f-4923-833c-028be5258b6b","임상연","male","30","1994-11-03","대전 서구 99로 58"
"bc66fc2c-47b4-43ed-b242-c423fed148b4","김준하","female","37","1987-01-14","광주 북구 88길 90"
"dc514c98-54b1-47d4-9f60-d1fd9c229f36","조선진","male","28","1996-10-25","울산 동구 1로 19"
"a841a246-4d52-4c9d-b3be-a6481e51df73","정흥제","female","33","1991-08-22","부산 강서구 51길 22"
"bb541c3f-50cf-470a-b745-da086185d5e4","장선진","male","42","1982-12-21","대전 강서구 71길 96"
"c4f4bc52-c6a3-4d57-a93b-8f2a2cd87878","조수형","male","53","1971-07-05","울산 강동구 89로 93"
"09f97ab4-a52a-4671-8cc6-9fbf9cb9b519","한준하","male","27","1997-04-18","부산 강북구 17로 17"
"79733732-dc94-46fe-b0bd-706e429e870c","박재은","female","68","1956-12-22","세종 중구 5길 49"
"e4b53f53-734d-43ea-a694-529d096a8e05","이병규","male","58","1966-12-26","대구 중구 70로 19"
"e264d0ad-df3b-4061-a035-9e2d9642511f","조승주","male","43","1981-06-15","부산 북구 1로 72"
"327640aa-b84c-452e-ba27-fb4dcd5841a5","박흥제","female","23","2001-08-07","부산 강남구 34길 79"
"3145da68-507b-4353-97a0-703786898327","윤준하","male","26","1998-04-27","인천 강동구 62길 25"
"4e4ae235-e9f4-4b89-8432-ef497b555cff","조흥제","female","41","1983-08-26","대전 북구 66길 95"
"6e981d2b-1a25-4cf8-af8a-9f990ac56573","윤상연","male","45","1979-11-25","인천 강동구 62로 76"
"3081bc5a-f1eb-4df1-b12b-df2d8aaf2245","강수형","female","41","1983-12-09","울산 강동구 81로 82"
"a9458191-b4d2-4028-b9df-4bf6ceab1f99","임재은","female","60","1964-03-13","인천 동구 98길 77"
"23ac105c-8da7-499a-82ed-bbdfb53a9655","김승주","male","29","1995-02-20","대전 동구 36로 42"
"1d9019d8-66ab-43d5-8550-eb799f57b374","임영록","female","57","1967-03-10","부산 북구 61로 78"
"3ddd9d3b-4a9d-4297-a63d-fb5c7d943f51","정병규","male","22","2002-11-24","울산 강서구 63로 5"
"79cbeb37-ca7b-40fc-af65-aabcf7e9b03b","박정미","male","43","1981-08-28","대전 서구 50길 79"
"39aa2582-16cc-4e9b-a636-2d6b4c1cb594","박정미","male","44","1980-08-13","대구 중구 10길 47"
"4a55787e-806c-451c-ab1e-3d10464b03ea","이영록","male","52","1972-01-17","서울 북구 39길 84"
"05e44eb5-66d1-4cba-9e9d-610c89b18f3a","이준하","male","37","1987-12-14","대구 강서구 56로 77"
"e5f83226-c785-4df3-bc6f-ac6b20c704ee","임상민","female","24","2000-01-02","서울 북구 93길 63"
"47e059dc-45b1-4263-9656-d0ef24eeccb0","맹수형","female","64","1960-05-19","인천 중구 12길 70"
"3fcdb831-9eda-4ab1-8ca2-2086d37040bc","윤병규","male","46","1978-05-01","광주 강북구 93로 86"
"491ff925-682a-4ed3-9de1-21857742cc48","한승주","male","56","1968-03-12","대구 강북구 92로 10"
"296abc39-7c47-43fa-b0a1-366189dd2d7c","정승주","male","62","1962-05-18","대구 강북구 87길 18"
"31833cc7-3bf7-46d6-8f20-c08096a84ab5","조수형","male","33","1991-11-17","세종 남구 87로 83"
"e02428ce-fcda-4434-b458-34ec2a1a78f5","최영록","female","41","1983-12-09","대전 중구 77로 76"
"f47bf536-9104-424a-a66f-a551eb6f5d4e","최승주","female","57","1967-02-10","서울 강남구 86길 3"
"19543e8f-1d40-42c6-8957-3ca108271c0c","한수형","female","58","1966-10-12","부산 동구 37길 54"
"4dd44a02-5c30-466d-ad49-1c507c2fc579","이재은","male","32","1992-06-05","서울 강동구 34로 64"
"ced6ceca-ed9b-4aed-b5df-457d879a5dbc","윤정미","male","24","2000-01-03","대구 중구 81길 39"
"8b83849a-69b2-401e-aae3-abfd10fd4833","장흥제","male","31","1993-03-09","세종 남구 31로 89"
"fc84e691-e721-487a-a7bc-b9e6aaf0f979","맹병규","male","26","1998-05-12","울산 남구 41길 2"
"ac890f7f-9275-4dda-b809-fa5ca5dc5d4f","윤상민","male","20","2004-10-28","서울 서구 85로 61"
"9fd03eb4-caa8-469b-bbe2-972c32c2f6a7","강수형","female","36","1988-01-09","광주 강서구 64로 39"
"c9af4d47-64cd-4121-a2ca-c9432d043b6e","한병규","male","21","2003-05-06","대전 강북구 97길 39"
"f9f1111b-19b4-4ddd-9730-52930ddb4c76","윤수형","female","23","2001-08-14","대전 서구 41길 25"
"5e1bc630-14ba-4b9e-ab6e-2f89f704eb57","박승주","male","60","1964-05-02","광주 강동구 43로 29"
"02fc8876-a3fa-42ff-a11d-766bf1c58904","이승주","male","57","1967-04-04","광주 강동구 93로 24"
"c42a7ae8-1a88-401e-98ef-cc96ac5a5fc7","임수형","male","21","2003-01-16","인천 동구 1길 89"
"193baacb-9fc7-42a2-ba88-ccdea866a913","장승진","female","66","1958-05-12","부산 강동구 43로 41"
"f2d9a23b-dcd2-462e-bab5-f29b0c9628fd","장선진","male","63","1961-01-21","인천 북구 86길 79"
"ed5c45a1-d667-4f70-a52b-484a1ce5565c","한승진","female","57","1967-03-10","울산 강북구 76로 64"
"4ab678e0-8b1e-4780-9fea-7a4de8608f0b","윤윤경","female","64","1960-04-09","광주 강동구 54로 96"
"de1d4fdc-4267-4d0a-b036-e6edc73b8798","박윤경","female","48","1976-05-03","울산 북구 39길 71"
"cb95e572-0a3b-44ec-9c8b-39d4c2b3ba30","장병규","female","30","1994-07-05","울산 동구 2로 98"
"f834973f-27a1-404c-b351-9f64f08a70f6","맹수형","male","64","1960-04-15","인천 동구 22길 89"
"a3d9c450-1dfd-4046-977d-35446a5301dd","정선진","female","47","1977-02-18","대구 동구 87길 47"
"76f376ad-10f7-4cd4-aef7-feef1ef11060","강윤경","male","63","1961-11-04","부산 중구 24로 96"
"61cacdb8-a4ea-4031-a961-5a650cdf57a5","한준하","male","66","1958-03-15","대전 서구 54로 99"
"7215b461-7a3d-4746-8d14-444862ab93eb","김승진","male","22","2002-04-10","세종 동구 14길 5"
"732ecc2f-338b-401a-9616-090729181b0f","최정미","female","60","1964-04-01","광주 강서구 93로 97"
"95615769-5387-48c6-8b7f-7f0665207eef","맹영록","male","53","1971-08-10","대구 서구 91길 67"
"ef8e2f83-5554-4dc1-a2fb-a9cca3191762","장윤경","male","66","1958-09-03","대전 동구 61길 98"
"7f757a57-90e3-4b63-9ec2-6f57c7e3f617","박재은","male","69","1955-11-04","세종 강북구 36길 72"
"fc2a0966-b9ea-463a-aded-e7a7f2b7246d","박영록","male","48","1976-02-06","서울 강북구 15로 31"
"d3c0d127-db56-4505-9e49-e44258f82603","장승진","female","26","1998-06-15","대전 중구 23로 77"
"f7fc6bc2-b38c-4d59-a7b9-831ed5fff071","윤흥제","male","23","2001-07-20","서울 남구 16길 31"
"54364328-3dbc-4b19-9588-81f7a1204e8f","강재은","male","63","1961-06-09","대전 북구 94로 64"
"a7f11fa8-4c60-4435-b2ff-924112156c93","맹선진","female","68","1956-09-10","대구 강북구 45길 31"
"9b79c67c-70c2-4edc-84e7-a3e1c5ad7775","정준하","male","58","1966-04-24","대구 강남구 51길 30"
"f25dfc95-7906-4e30-a710-43d2fa3aba1c","김흥제","female","26","1998-07-15","대구 서구 46길 77"
"8bd195e0-7870-48ba-ba51-8a115241cea6","이준하","male","22","2002-12-05","세종 서구 20로 54"
"11b38cdf-827c-421e-bbc6-923bcbfbed61","윤선진","male","45","1979-02-14","인천 동구 61길 84"
"c4652ab8-f001-47f1-843f-09dead593d23","임영록","female","37","1987-09-28","세종 동구 9로 48"
"bb149fbe-c03d-4b3c-8d8c-3532ba8b4760","김영록","male","64","1960-09-27","대전 강서구 66로 27"
"958262d3-0a88-40b4-b964-be5667ca91d3","이상연","female","54","1970-07-12","세종 강북구 39로 25"
"5bc4578d-25aa-4199-a669-604a5c6cd762","정승주","female","58","1966-03-08","울산 강남구 10로 36"
"324a23a1-fa21-42b4-a0b3-7166bc49f26d","한승진","female","61","1963-02-01","대구 중구 56길 63"
"c5023ab8-d04e-4bea-af1d-dd9e1964f331","강준하","male","68","1956-11-16","세종 동구 60로 59"
"fb938392-b373-4eb3-9646-c10fc7b39e86","강상민","male","58","1966-04-16","대구 강남구 99로 92"
"b251695c-16d5-46e9-84bf-469acc547505","조정미","female","54","1970-04-11","부산 서구 82로 17"
"23d76326-f68c-48f5-ac24-cbdfd37c07b7","강선진","female","44","1980-09-08","부산 북구 20길 77"
"585ece9a-e383-44b2-ab7e-86eb3155456e","정상연","male","28","1996-07-24","세종 강북구 67길 31"
"39d3a2cd-350a-48c6-a1ce-1bca12a75a13","장재은","female","41","1983-03-28","광주 강서구 12로 71"
"1a4d87a7-0d95-420c-9fdc-944b1dd8b502","강승주","male","44","1980-09-14","광주 서구 49길 54"
"e7e492e9-8cea-40ce-b38b-f88bc9e467df","장정미","female","25","1999-01-01","인천 남구 58로 51"
"6b9fae2b-b5df-4123-a8b8-b7c9e0e1bef4","정병규","female","36","1988-09-16","대전 남구 67로 84"
"24ce16ce-4834-4e76-892b-932274c8a8f7","조승진","female","23","2001-12-19","대전 강남구 31길 8"
"7ece8460-be72-462a-ad28-ed16a15c2b60","최승진","female","62","1962-02-23","대구 중구 60로 65"
"d89da32b-c174-4587-ad61-e0192894671d","윤병규","female","44","1980-10-16","울산 강동구 5로 50"
"47fbcceb-ca4a-46e9-8fa0-9fbda0f99d28","조준하","male","33","1991-06-09","대전 동구 54로 82"
"dce2a509-9305-400e-b66c-8c31180d404b","장준하","female","56","1968-05-28","울산 중구 59로 98"
"a839f498-f8d1-4048-bc2a-a3d820c03c09","맹준하","male","45","1979-10-17","서울 서구 97길 16"
"d9647304-1225-438d-913d-6a211c483ce5","강재은","female","50","1974-11-05","울산 강북구 83로 58"
"28e9a7ef-580c-43d3-8acc-ca35c9207795","김영록","female","33","1991-07-17","대전 강동구 5로 91"
"b5fee82b-bb21-433c-9933-0620d3ee70b6","최준하","male","36","1988-08-13","세종 강서구 77길 40"
"c99959bc-fe6b-4836-8091-21f0d4ae9d83","윤흥제","male","41","1983-03-21","서울 북구 84로 78"
"822b4afd-84d6-48b9-b3af-ee27ae420896","맹승주","female","30","1994-07-10","광주 서구 8로 61"
"38e19378-95a5-4507-9ccb-10cd08ffb1ca","윤상민","female","57","1967-09-09","광주 강남구 33길 36"
"b4beb68e-31b5-48ab-9033-2288812755ba","박윤경","male","53","1971-02-20","세종 강북구 13로 26"
"007c474d-b874-4331-bbd2-ed5bd0b1faa8","조수형","male","62","1962-04-20","세종 강남구 7로 97"
"f1fb3a28-e19b-4f2d-9a41-8147c10c7707","윤재은","female","61","1963-10-04","인천 동구 24길 62"
"ad92f9a3-1df9-4d92-953a-3e2e1c9031c3","박상연","female","62","1962-07-16","대구 북구 24길 97"
"dde6ab5b-865f-4fb2-80cf-00385d0ba673","김재은","male","32","1992-03-28","울산 강북구 17길 10"
"14c89b4d-adf5-4a9c-b04a-1381e27a82cc","한상민","female","35","1989-11-03","부산 강북구 62길 31"
"0e328935-e248-4fe5-8062-fd1dcce34c1c","최선진","female","51","1973-10-02","광주 서구 79길 29"
"bc7da0db-56c6-4f25-a49e-dd336598fc2f","임정미","male","26","1998-09-24","서울 남구 16길 78"
"d0b47691-6108-452d-90e7-81b68c7a383e","조병규","male","52","1972-03-08","인천 강북구 60로 13"
"9130bb6a-5180-4990-b47f-b83fff86e6bc","이상민","female","42","1982-05-03","광주 서구 8로 26"
"4618be25-49cb-490d-9209-7951de5db1dd","박수형","male","47","1977-04-15","부산 남구 16길 20"
"bbb2f408-4bf5-433b-9303-87b7e2c526d1","이영록","male","43","1981-11-01","울산 중구 96길 39"
"985fd3c2-2259-4781-8f09-0a1ebbf4c8f5","맹병규","female","25","1999-05-27","부산 북구 64로 48"
"0ceed617-9e82-48c8-8603-406adbb8d8f9","정승주","male","44","1980-09-18","울산 강북구 27길 89"
"6c4358d9-9bd0-4516-bbb4-ee34edc7c317","이수형","female","54","1970-12-05","세종 남구 99길 2"
"0a37e3e6-8572-4ae7-bca3-6ec10e92cdf6","조선진","male","39","1985-11-13","대구 중구 30로 67"
"64bb5eb0-e61e-4877-93ce-97635d2b40b1","정병규","male","57","1967-10-23","대구 중구 40로 8"
"9d13e1a1-0820-4659-aebd-89991d2798fa","이상민","female","66","1958-12-04","대전 서구 25로 5"
"63f07883-ffd6-4455-b7da-6b1cf5aa02a3","정상민","male","32","1992-09-09","부산 강서구 86로 76"
"f04bd8ac-9ddf-4a6c-8080-3e5b3eda4697","정흥제","female","49","1975-06-18","대전 강남구 26길 81"
"d6abcf07-445f-45fd-a1e2-8dbcd6acfd0b","강재은","female","48","1976-09-08","대전 강서구 73로 52"
"1aea7920-55ca-44a8-b4a0-3e16a7d64129","박정미","male","45","1979-08-19","세종 동구 88길 4"
"1239deb9-f0cf-4d81-aa29-7ab8ab2b2644","임승진","male","22","2002-02-21","부산 동구 7길 26"
"9f7622fa-2a92-4d2a-b477-266c01c4807d","정승진","male","66","1958-06-01","광주 동구 50로 25"
"f95ac981-fc5a-4939-a452-e1dd07dad38d","장승주","female","21","2003-08-14","인천 서구 67로 38"
"493dd9fd-4e94-4e0c-930f-81e5b22b04bc","맹승진","male","51","1973-04-23","부산 강남구 51로 95"
"069a8d30-86a2-4816-b5c9-d3e09b5d6b2f","맹윤경","female","22","2002-08-24","대전 강서구 9로 38"
"cb391de2-102b-4aa2-b50e-0af38eef9058","임윤경","female","43","1981-07-08","대구 남구 99길 78"
"04169a46-87b4-42aa-8c1c-033af632f2f0","맹영록","male","23","2001-09-04","울산 동구 94길 19"
"cf9c8b11-a66c-4ca6-9b27-57c556b2c8c6","강승진","male","67","1957-01-01","대구 동구 47길 6"
"2b445f63-2dd5-4177-9fe5-ac3b9e0fd7a3","윤상연","female","67","1957-07-23","대구 강북구 43로 15"
"df7d896c-1c8c-4a33-b1a7-4f553e3f795d","박승주","male","55","1969-06-01","부산 남구 54로 7"
"ab054a25-2d25-4fba-9454-c71d142dea3e","이재은","male","51","1973-02-10","인천 강남구 20로 96"
"2214b3b2-79fb-4298-905d-d950b2ce64ac","장윤경","male","42","1982-11-26","대전 강서구 31로 29"
"5636e9e6-a167-49ea-aa3a-eabf70826aa1","최승주","female","38","1986-12-18","서울 서구 34로 66"
"b1cd7a59-63ea-4012-b8c4-d1637ebc7605","맹선진","female","54","1970-03-25","광주 강남구 69길 30"
"6f381b64-87e7-451c-8b00-17eb38ceccdf","임선진","female","49","1975-12-28","서울 강동구 1로 24"
"04d4f336-bad1-4b97-a6dc-7ed17a92382d","이수형","female","30","1994-11-28","인천 강북구 95로 32"
"c7f748e0-bfd3-4dec-8fa4-bdf49d93aca2","박영록","female","65","1959-05-24","부산 강북구 41로 2"
"2fb9de1d-7665-4354-8a44-81e492ea70a5","이병규","female","32","1992-09-22","대구 남구 78로 48"
"7930d791-cefe-4726-9598-aebe08a7a168","장병규","male","31","1993-08-14","대구 동구 42로 52"
"3c09701c-c9dd-4d11-8355-d460d2a4ee59","정윤경","female","28","1996-05-09","광주 남구 23로 89"
"c9f99f1b-379d-4f64-90ee-d795510aebd4","김재은","female","57","1967-04-05","세종 강남구 81로 53"
"1c7621a2-76eb-41b2-ba0d-d74a2fedc163","김영록","male","26","1998-02-20","대전 강서구 37로 75"
"9f18ed4a-f2ff-4c2d-a8e0-69b1afcba218","김흥제","male","31","1993-01-17","서울 남구 2로 18"
"3c1e74ee-a1c2-4017-9d60-950fb35df86d","윤선진","male","33","1991-01-27","대전 동구 30로 58"
"dacca320-a32f-496a-ac7c-6c26290fd3ec","박병규","male","63","1961-04-28","울산 강서구 26로 29"
"ed3096da-47a6-49b6-b5ca-11bea4799f26","장영록","male","52","1972-06-15","부산 동구 59길 24"
"32cdcfd1-c013-4be3-8dc5-344ecc0f4a69","이승주","male","29","1995-02-21","부산 강북구 10로 99"
"791d06e5-82cf-4dc4-b051-eaf720e58095","한상민","female","68","1956-03-21","대전 강북구 11길 30"
"deaeb753-2cf1-430a-9735-964ad33fda17","한윤경","female","38","1986-09-06","울산 중구 53로 15"
"415d5f7e-35b6-47c9-9759-0243752da869","조상민","male","34","1990-04-27","인천 중구 77길 24"
"f661d853-366e-485d-bfdf-898837b4be17","조상연","female","65","1959-08-01","서울 강북구 91로 32"
"31a28360-783e-41ee-ad2a-ef6cbb0a9e72","이흥제","male","27","1997-11-25","광주 강동구 50로 87"
"79b0818e-8952-4480-bc49-1cf7d9621fe9","최윤경","male","42","1982-09-15","대구 강북구 34길 30"
"9b9b9838-3e8b-4dbd-8621-cf3203324bc3","이영록","female","59","1965-06-11","인천 강서구 41로 32"
"c608b633-524f-403b-b1b3-937ced482ef7","한승진","male","67","1957-06-16","대구 서구 39로 51"
"7da77a05-dbf6-482b-84ac-ef4f37651e32","김윤경","female","41","1983-08-28","서울 서구 26로 1"
"b15d4cef-188e-450c-b608-1df4c8114d27","이선진","male","69","1955-04-11","부산 동구 92로 66"
"f6ec8311-2220-4a1c-a5ad-adc646bed6f5","이선진","female","33","1991-06-04","대구 중구 2로 18"
"63df0eb8-acdd-458d-bea3-09455ff23751","강선진","male","20","2004-07-08","세종 강서구 41로 84"
"8561f648-3e14-41c3-8cbf-60115ca98d00","박흥제","male","65","1959-08-21","울산 강북구 55로 44"
"af961dc4-d01f-41cd-980a-53dab8cc7302","장상민","male","46","1978-06-03","인천 동구 16로 24"
"e4831187-cb91-4546-8889-228649d9ceca","김흥제","male","42","1982-10-17","울산 동구 46길 96"
"bfa2ba36-e323-4f4d-af21-f2848e371524","임영록","male","55","1969-05-11","세종 강북구 41길 17"
"aaba9916-13ee-4523-9edf-6693122b6cbc","이준하","female","54","1970-09-19","세종 강남구 52로 22"
"4c26ddf3-d579-40bc-8a2b-0348b420beb9","한윤경","female","44","1980-05-07","울산 남구 11길 48"
"825ead6f-39d2-4f60-a6c3-50348212703a","윤준하","male","23","2001-11-16","울산 북구 12로 93"
"88eebcc7-3e98-4109-9e2c-d683ef6daa77","장승진","male","32","1992-11-28","부산 강동구 43로 38"
"3e09d755-6cb6-4d6c-8389-dc055fa76f7a","조승진","male","38","1986-09-17","인천 강북구 62로 87"
"8bd83a4a-27b8-49ef-a175-d4e66ef2ebb2","조병규","female","60","1964-01-24","세종 남구 28길 95"
"47239989-9755-484d-8093-46cce7944759","한준하","male","33","1991-04-07","세종 동구 5로 86"
"f4dd578f-329b-4f4f-983d-db8128eceee4","강승주","female","42","1982-05-18","대전 강동구 15길 73"
"c859d1b1-eaef-4e73-85dd-2fb3ccb990c0","김흥제","female","29","1995-11-02","대구 강서구 87길 14"
"44ecef68-4057-4df5-ba56-ddb35bece758","정상연","male","42","1982-05-17","부산 남구 26길 24"
"320f55ed-6d15-4bb8-9fae-a0211aed6e17","김승진","male","29","1995-04-08","광주 강동구 23로 15"
"e1833524-3b4e-4baa-8e94-ba9e4b7007eb","이수형","male","40","1984-08-16","세종 서구 24로 21"
"4fbb4e49-1a7c-4ceb-b631-7ecb1afcd06f","임승진","male","68","1956-02-11","대전 서구 31로 1"
"691793e3-ab50-48c1-87e9-cc8b89b06951","박상연","female","39","1985-09-26","울산 동구 20로 18"
"4aeb226c-f637-4bce-94fc-8e3089965a3f","임선진","male","26","1998-04-02","대전 서구 10길 50"
"aeeeb577-f3c6-4d27-9115-68f5071f0214","장병규","male","46","1978-03-19","대전 서구 3길 42"
"760bd6c8-936b-41ed-8c74-dff6ae58a1a3","김흥제","female","26","1998-10-25","인천 강남구 46길 17"
"ec7145e0-5840-4fed-b4fc-52125f684de7","윤준하","male","26","1998-07-13","인천 강서구 32길 75"
"309f966f-51b1-4ebe-8333-3015ec4fe513","김영록","male","54","1970-10-03","울산 동구 81로 96"
"2e5f48e7-1a37-4a0a-ad74-6884960e8025","이승진","female","44","1980-12-10","대구 강동구 22길 89"
"5c72a48d-3d09-4531-9866-cdf176c4247a","최영록","male","39","1985-10-23","인천 동구 51길 52"
"d3cfbad5-c9e3-400e-b596-7b14417bee84","박흥제","female","41","1983-04-19","울산 동구 9길 82"
"70737d3d-6551-4b35-bf79-878ac3d36e18","임승주","male","59","1965-03-03","부산 강남구 75길 12"
"6160f6a6-0732-4952-8598-e1c8e208d1a4","윤승진","female","60","1964-11-19","광주 서구 81로 41"
"7380d7db-25f8-43fb-8c9a-10bc0a4fe343","장선진","female","62","1962-04-09","대구 강북구 23로 7"
"7fd4bc78-aa0f-4ec5-8ab6-3e000e4855ee","한영록","female","36","1988-09-05","대구 강동구 75로 62"
"99a5181e-7da4-49df-a43a-acb92976b616","장윤경","female","55","1969-01-20","광주 동구 37로 83"
"cfdc19c1-4cff-4330-9915-4690b08a7dcd","장상연","male","20","2004-05-01","서울 남구 4길 23"
"5028d33c-e774-4d3c-9d74-1fb7a6a3c7af","박승주","female","44","1980-06-22","대구 강남구 30로 38"
"a37cd201-0435-40dd-8ca7-588a5ce2a3a0","윤재은","male","57","1967-09-19","대구 강동구 77길 12"
"a10a87f9-a14b-49c7-932d-c9fcf0a0e4d4","최영록","male","69","1955-07-19","세종 강서구 11길 58"
"587705ab-d5fc-498f-a721-121556676fd6","조준하","female","23","2001-07-24","대구 강남구 14길 74"
"a8fca46f-5a8d-4311-85e5-13ddeada4315","임윤경","female","34","1990-10-03","대구 강남구 39로 80"
"328672f2-2a59-4efb-a407-035c8455733b","정흥제","male","31","1993-09-21","울산 강서구 51로 46"
"17eeaaa6-8348-45e9-b32c-cad721a9004a","최병규","male","66","1958-03-02","부산 강동구 38로 28"
"49bcea0c-6bf8-45a2-aa27-bb3b17b25b81","이재은","male","34","1990-03-06","울산 북구 95길 5"
"aafaaa76-83d7-4617-9580-182f1097d294","장승진","female","41","1983-09-01","대구 강서구 14길 53"
"05d13a03-e31a-422f-96f8-91c90293ffc6","조승주","female","62","1962-01-10","광주 강동구 88길 33"
"c95d6430-d7d3-4e14-974d-7153bccf5469","조정미","male","66","1958-11-06","세종 북구 60로 6"
"f4d3058c-48e3-4833-8d1f-730c4dc63de7","박승주","female","43","1981-08-10","세종 중구 16길 65"
"e0803911-c14d-44ab-adf7-26069ce4dac9","한승주","female","29","1995-03-08","세종 중구 42로 20"
"08f84fed-0a68-46d9-b985-0e958b26756c","이승주","female","26","1998-11-26","울산 중구 75로 33"
"63d88007-bc22-4791-b018-0ec0e66c4c50","장정미","male","25","1999-01-08","부산 강남구 94길 28"
"27af0f44-cba8-475c-a11b-c08c53ddfa41","조수형","male","68","1956-03-02","세종 북구 31로 7"
"bd501092-115b-40b7-889f-32c875c87d44","최흥제","female","32","1992-01-08","서울 강북구 3로 41"
"f50d4b16-0a78-458b-9f80-355ee1cde63a","정흥제","female","62","1962-04-28","울산 강북구 4로 49"
"b091e854-912d-47ba-8a96-6f87b3cc4c69","조재은","male","63","1961-08-10","울산 서구 11로 68"
"e52559b7-77e1-4b0b-97b4-12ceedcfceea","장영록","female","51","1973-07-10","세종 동구 15로 80"
"e6a0981f-9ecc-4765-88d3-609e4df47ee1","조승진","female","48","1976-02-13","광주 남구 6로 14"
"1cf37cf5-d6e9-46b1-a8ac-e73c235315b2","조정미","male","33","1991-08-18","인천 강북구 90길 67"
"a28822ea-ebb8-4228-b5cd-5766b87384d1","맹병규","female","41","1983-04-28","부산 강북구 42길 93"
"d582dbe9-c22a-4b43-b37f-7f75dd23bd51","장수형","male","46","1978-02-10","대전 강남구 56로 31"
"23ffe682-2678-461f-9fd8-7ca16777b290","맹상연","male","31","1993-01-06","세종 강서구 25로 86"
"743fd068-bef6-46dc-82c5-1be585fb88ac","이병규","female","28","1996-11-02","서울 북구 18길 78"
"5f0c729a-4537-4099-af73-37b01142e495","김재은","female","24","2000-04-16","인천 강서구 84로 15"
"9374b022-1157-47fd-8250-06568a58cf97","박수형","male","33","1991-10-20","광주 남구 80로 49"
"890176c5-c539-4367-b507-24c007753b4e","이상연","female","47","1977-06-06","세종 남구 40길 27"
"41a6197f-2180-4692-8017-7a28c0468ba3","김병규","male","35","1989-03-22","대전 강북구 44길 88"
"91a12d19-e54e-4f78-837b-2f3eab3999aa","임상민","female","39","1985-01-27","서울 강북구 44길 19"
"3ada8c82-4e80-4f0d-80f1-8b16ddf82767","윤승진","female","33","1991-11-20","인천 동구 21길 44"
"0e2b048c-8ca9-4f14-86d8-0bfc2b36be74","임재은","female","63","1961-10-11","인천 남구 8길 20"
"7236d880-8ea6-4e33-9f8c-963540e3d0cf","강상연","male","64","1960-07-05","부산 강서구 60길 60"
"a800d1bb-a3c6-46dc-9aba-d9e6a8e88d8c","조흥제","female","61","1963-10-03","세종 강남구 66로 43"
"689083ab-5164-45db-b3cf-8aca5b17a688","최재은","male","47","1977-11-04","광주 북구 44로 56"
"762e3e49-5178-4784-903f-9586719396f8","최선진","male","54","1970-10-09","광주 서구 57길 36"
"54b53249-b13c-4e9c-ab69-9af0ae2009a1","강재은","male","51","1973-02-13","세종 강북구 65로 2"
"2be48d98-2260-4909-ba23-3911f725fa3a","김정미","female","22","2002-12-16","부산 강동구 77로 56"
"fdab77f4-4d1a-4b86-98c8-7e0f4c2f67d6","장상민","female","54","1970-09-12","대전 강동구 87길 38"
"f59d021f-39f0-4a83-8ef0-de654d27a498","박상민","female","22","2002-05-08","부산 강서구 91로 73"
"1920baaf-fbe4-40f6-afde-ea4745dbf432","장승주","male","24","2000-08-19","광주 동구 53길 77"
"2316301e-c156-4110-ba92-4c6edf0bef43","윤수형","male","35","1989-02-01","부산 동구 19로 94"
"709b44d1-1395-49a8-bfa8-56a69cc49bbf","맹병규","male","49","1975-09-24","대구 북구 96로 50"
"4c91f050-c3a3-4ac3-aed5-00194696a387","맹승주","male","54","1970-06-27","대구 서구 2로 63"
"a49b12fc-5665-4ded-8a1f-77d756ee6870","정선진","female","46","1978-04-23","부산 강동구 40길 13"
"f8bea8b2-eb35-426e-9208-48d7ace495a1","이선진","male","37","1987-03-03","세종 강서구 13길 15"
"0b0ed43b-0231-4397-8e25-77dace7c6060","김상민","female","32","1992-08-24","대전 중구 18길 47"
"70c20b26-aa1e-4753-81ed-688f2c2c6897","한수형","female","29","1995-06-10","광주 강동구 41길 12"
"426dd4f0-e8ba-4d25-bca3-4dcc1fe532c3","장재은","female","36","1988-05-25","세종 남구 19로 78"
"9376d721-3482-4282-8a43-22d57b45da86","이재은","male","53","1971-07-10","부산 강동구 30길 42"
"de86b9c0-70a5-4af5-843a-6b7e76d24204","정윤경","female","51","1973-03-24","서울 서구 87로 91"
"fc38df33-2ba9-452c-a63a-67093b0ec750","한영록","male","65","1959-09-16","대구 강북구 7길 79"
"dce41472-9034-4e52-8026-d48f412d7fde","박상연","female","27","1997-02-25","서울 남구 68길 82"
"05f00432-8b45-4cc1-b400-554ef3220e0a","정윤경","female","64","1960-07-24","부산 북구 2로 62"
"1a1a2140-01d5-4f29-9eec-378e82c5b587","최승진","male","61","1963-02-05","세종 강동구 50로 22"
"e862ced0-e513-4320-8cf7-4dfe716e8bcf","이승진","female","41","1983-07-01","대전 북구 59로 11"
"ed1ce52e-9afd-4e48-a272-9122b42476a2","한상민","female","39","1985-09-20","대구 강남구 40로 59"
"e3c63012-896b-4369-a391-0824c2310089","박상연","male","30","1994-03-21","부산 동구 81로 64"
"413a3331-630c-44dc-b0a5-f7b23bccbe05","김정미","male","65","1959-07-20","부산 강북구 24로 22"
"ba94c702-fc41-4641-8d71-a2a2c4c49c54","최윤경","male","36","1988-03-13","세종 남구 94로 74"
"34a459dc-4d6f-41f8-95be-3e55507c81c0","맹승주","female","67","1957-08-27","대전 강북구 17로 16"
"b0792514-1421-4acb-a5c6-a00ef5e8906a","맹준하","female","68","1956-06-22","인천 강북구 8길 46"
"ad73ede8-b55c-4abc-a38f-c60e8b416e52","이준하","male","40","1984-05-25","인천 남구 8로 74"
"cd2ed7dc-00ce-49b6-875a-b4f85a8dc2e0","이선진","female","51","1973-08-13","인천 남구 37길 31"
"e72e58f0-5403-42e7-899a-33e5b027ac80","조영록","female","46","1978-11-01","대구 강서구 93길 32"
"383aadd3-3628-4495-8018-65ac13aa113d","최재은","female","52","1972-02-25","세종 강서구 70길 51"
"e82c35ae-33d3-4f97-95ff-4991b9f96e50","박상연","female","33","1991-10-13","서울 강서구 16길 34"
"5c686122-2931-4848-98bb-a6ec2d5b365e","맹승진","male","20","2004-06-22","광주 강서구 6로 89"
"a1b84fab-1b60-4a52-a6cb-4bf8ed0f7800","박흥제","female","31","1993-01-26","대전 강북구 5로 73"
"48c0c88b-cf5f-470e-9c7f-847ddf2cf562","강윤경","female","36","1988-01-24","인천 동구 3로 30"
"d705e5a7-5804-4789-b159-491dbe62c9ef","최흥제","female","33","1991-08-25","대구 강동구 32로 79"
"dc4cd58a-a2d5-4490-85dc-6abd81200443","임병규","male","26","1998-01-22","세종 서구 26길 53"
"56d9d743-d4ee-4983-9538-6b8f9bb63392","한병규","male","68","1956-05-26","대전 강남구 59길 43"
"b8196e48-d009-4978-a8c2-3df16f65a2d8","임정미","female","56","1968-11-04","울산 강서구 16길 49"
"58884ff5-e57d-4015-9259-7eb8bfe1b97c","박선진","male","22","2002-04-27","광주 남구 29로 39"
"05bc2e62-a0eb-483a-bd45-7ce5f72cda76","이영록","male","27","1997-12-14","부산 강남구 78길 54"
"32ad2fec-9639-433d-872b-436fea1e2b89","임재은","male","28","1996-03-26","서울 남구 91길 16"
"9ff884be-5745-4c40-9975-6bc4982150c0","최상연","female","27","1997-11-26","광주 남구 37길 61"
"d2624e0c-8a16-440f-8cc3-ebb44c3b8156","한상연","female","66","1958-04-14","울산 서구 17로 19"
"eea0ae50-7336-450a-b791-fb3f6d5014bb","박정미","male","65","1959-12-26","대구 강남구 24로 4"
"3c801d19-ba46-4413-9372-46aa6031f859","장재은","male","41","1983-07-26","대전 서구 86길 91"
"c0dc5101-2270-41ce-be41-9a7088d0f561","윤재은","male","52","1972-06-20","인천 서구 5길 4"
"804f9cb8-1186-44cd-b9fc-2baf85d914bb","조재은","male","20","2004-01-05","인천 서구 52로 46"
"cfd955bf-4454-4f91-8e8f-f162b200b0d8","장상연","male","23","2001-11-09","광주 강북구 23로 10"
"a9a5bfcf-dadc-4f0f-ab94-abd2e1334962","이병규","female","60","1964-08-11","울산 강서구 83로 69"
"a212dfb8-5763-4912-ac92-ac5a70ab8889","김윤경","female","46","1978-06-12","대전 중구 4길 84"
"40ae54d5-9266-4f01-b210-5e6678f2aba2","장재은","male","27","1997-10-23","부산 북구 2길 44"
"f436f14c-8d8b-482e-a1f9-7a8fae85b411","김수형","male","46","1978-07-03","울산 강남구 94로 65"
"02aa0602-071d-4483-8e52-045c922072d0","박흥제","male","33","1991-06-12","광주 동구 44길 49"
"eecd4d08-aadf-4f2b-a04d-6d71a29f7fca","김승진","female","45","1979-03-06","대전 남구 88로 93"
"30082ec9-66c1-4a63-a682-2e9dc085116b","김선진","male","66","1958-09-15","부산 동구 58로 87"
"2aba5f72-86e3-4478-a2f3-4ed82ac4cd70","조영록","female","26","1998-09-14","광주 북구 86로 7"
"e7000faa-5ce4-4b5e-83d4-4312dbfea416","임윤경","female","33","1991-12-23","대구 강남구 48로 20"
"4f003d34-1888-423e-8d33-2ff3debe9539","이재은","female","45","1979-04-19","울산 남구 11길 93"
"018f265a-6226-4d3d-afd7-15854b2a00ad","임승주","male","46","1978-04-01","대구 강서구 10길 57"
"86266508-a844-4832-84ea-c6740390baaf","조선진","female","47","1977-06-08","울산 강남구 36길 72"
"9e8093e2-e7b6-4424-a370-65b0b6f66fdc","임흥제","female","38","1986-09-24","인천 북구 46길 53"
"0f29d26c-7719-4f1a-986d-1faa1f260a89","맹재은","female","34","1990-05-24","울산 강서구 37길 65"
"64da8c56-ae59-4e27-a3c5-482852e9cf9e","김정미","male","62","1962-08-11","울산 강남구 59로 18"
"d3a068af-db6a-4e1d-930d-3adf8ddf1758","박선진","female","53","1971-01-24","인천 서구 58로 61"
"4a7fec7e-c0ba-4cc3-adc6-7ab19cfd801a","윤승진","male","34","1990-06-17","인천 중구 82로 61"
"4ee33086-c53e-4f89-a671-33c9897865e9","최수형","male","56","1968-02-26","대구 강남구 13로 82"
"35f691c8-8bf9-4965-98c0-87ff164787a4","김승주","male","44","1980-09-05","울산 강북구 79로 25"
"2073ecc1-ff0f-4438-9659-1416cac2fe2e","김상연","female","65","1959-09-09","광주 강동구 46로 31"
"311bb6ef-98bf-4a2b-bc70-b1bfd811c231","한영록","female","30","1994-01-09","세종 강동구 99로 20"
"8b092cb1-deda-487e-b04c-d6b3880b0c50","정상민","male","59","1965-02-09","서울 중구 27길 5"
"f6ad1418-2d9e-4a9c-88f6-a10609cf9fce","강흥제","male","58","1966-06-11","서울 서구 72길 79"
"8de5e00e-673d-4563-89b6-30a70d944e5f","강준하","female","20","2004-05-10","부산 강서구 24길 86"
"8606b143-82a3-4929-b2d7-b3592d749d22","이정미","female","26","1998-02-04","세종 북구 29로 51"
"ac0f0c4d-540b-4837-899f-e23ce3ca6218","장상연","male","31","1993-01-10","울산 강남구 18로 6"
"62406503-705b-4fec-ae1f-5c5826414cba","임선진","male","63","1961-02-28","부산 남구 95길 67"
"6b84bc35-3a1f-4565-a553-4befbb1bf6f1","강영록","female","40","1984-06-08","서울 강서구 83길 13"
"50bb93e1-a302-4d97-91f9-43b9b442dda6","임선진","female","32","1992-04-19","인천 서구 93로 74"
"70a518a1-684d-4fbf-9941-45383063587e","정정미","female","29","1995-01-01","울산 중구 39로 45"
"06240a6e-8bc8-415c-a2c3-6e99c0333f95","맹선진","female","44","1980-07-26","인천 중구 33길 20"
"f11d74b3-93c7-4cbc-aa2a-90895adb455d","정재은","female","28","1996-09-21","세종 서구 83로 58"
"4ca96308-3c60-4573-b0bd-ebaa78905740","박준하","female","47","1977-07-21","대전 중구 73로 83"
"4f5f502e-4862-48f3-80e5-a243b06cbfa8","윤상연","female","37","1987-05-19","인천 남구 53로 91"
"6228a853-34c7-41e5-8a5f-3578369dfa71","최준하","female","21","2003-07-16","울산 강남구 41길 34"
"4e0e624f-9da5-4a8a-852b-598a5cadcb91","조윤경","female","65","1959-09-17","세종 강동구 21로 45"
"4ddc4be6-1bee-4c02-b0a3-cde5021ff4b8","박선진","male","63","1961-05-26","인천 북구 96로 61"
"6adda093-4906-4976-80a7-e5db33b49055","맹병규","male","66","1958-09-21","서울 강북구 72로 87"
"8077251c-c1f1-4c57-a3d9-76e0ec0e2698","맹영록","female","59","1965-02-09","대전 강동구 35로 43"
"c5f88e7d-f611-4d2f-936f-39616a182253","강정미","male","59","1965-08-08","광주 서구 83로 46"
"c4c35e26-a9d5-46c2-b766-ceee1568cc06","조재은","female","46","1978-07-28","광주 동구 7로 5"
"ee5f6585-c8ad-4388-9df3-c06eb06910f0","김정미","male","21","2003-10-15","서울 서구 13길 83"
"af543c22-24fe-4cfb-b919-c7a33dfbbead","맹준하","female","66","1958-11-09","서울 강서구 25로 87"
"843c59e2-2f32-4163-af22-a7068d1ef887","정정미","male","27","1997-02-03","대구 북구 18길 76"
"cc0fc03f-5145-485a-89ed-5a9e02b74326","최준하","female","46","1978-05-25","인천 강동구 16로 3"
"9548af32-d72a-4985-ad8e-222fd64f235a","장영록","male","67","1957-12-08","세종 강북구 38길 56"
"8105d9bb-c0aa-4d94-b61b-d53ad5a9272c","윤승주","female","34","1990-07-23","울산 남구 39로 76"
"5e694566-5b8a-4b97-8abe-28fcdf97acbe","조상민","male","37","1987-11-27","대전 북구 52로 38"
"f8b24996-a9f8-4059-9656-8e8245291382","윤윤경","female","46","1978-06-17","서울 강북구 64로 61"
"b344ca3b-c63e-4068-876f-16272c41f4ac","정승진","female","28","1996-02-16","대구 강동구 2길 1"
"f14657a7-afde-4b9b-ab06-3407a01ef69b","이흥제","female","52","1972-07-15","세종 동구 49길 84"
"94dc074a-8ead-41b9-9da4-be739fe1c504","맹흥제","male","69","1955-03-28","대구 중구 15길 85"
"6af2dc16-d79b-4b81-9490-dbf6f18d9e5b","장상연","male","21","2003-06-02","부산 강서구 37길 40"
"759b4a93-e78f-4389-92e5-5dae605c2352","강상민","male","40","1984-01-01","대구 강남구 41로 94"
"415196eb-3238-45f6-a830-962d01b47c3a","윤준하","male","40","1984-09-18","서울 강동구 64길 89"
"f242a59d-7623-4130-b16c-adad0129b222","박상연","male","39","1985-05-11","부산 중구 81로 93"
"47062e85-7014-4e8c-bea3-a64e6d1aecf2","강승진","female","36","1988-05-12","부산 강동구 93로 39"
"5e1199ea-7f84-47d1-b6ac-9982c2f4ec8d","한승주","female","31","1993-08-27","대전 동구 25길 18"
"876ed8c3-0b01-4ba1-91f8-6a0deb398945","장수형","female","27","1997-11-10","울산 서구 22길 19"
"082402e9-6b70-476e-8f75-bab3102f218d","최흥제","female","46","1978-03-06","대구 강남구 65로 25"
"6400174e-4718-43d4-b55c-b0eaadfe98ed","박승주","female","31","1993-06-08","인천 서구 67로 72"
"8d15b4fa-1523-432e-af05-fce60c98218d","임윤경","female","54","1970-08-04","서울 강동구 31로 77"
"f36f5a7c-e87e-42ac-b0a3-ebb52e8a0c52","정승주","female","24","2000-04-04","대구 남구 93길 73"
"bc44bb49-910d-45bc-943c-f367d08b9516","김준하","male","52","1972-11-22","세종 강남구 95길 71"
"6b5a63d5-30ee-4ba8-ab03-207f6fd6628e","맹승주","female","50","1974-03-08","서울 강남구 37길 76"
"0752c485-00f8-4a07-bc99-aae42629c19c","김병규","female","38","1986-11-22","서울 동구 45길 98"
"0cfb80b9-a0ad-45e0-8f2a-68d49720cb33","강흥제","male","45","1979-06-07","울산 강남구 53로 18"
"a02a9e72-8604-4502-81fa-d51e2a8ce561","조선진","female","30","1994-05-14","인천 강북구 21로 33"
"3709cb44-0535-45ec-9cae-a83ae3d5d7bb","김상민","female","46","1978-07-28","광주 강동구 39길 9"
"c5a6e2ae-adde-4fe8-aa8f-9651bf18034f","조재은","male","37","1987-09-03","부산 남구 99길 42"
"5ba6dd8e-9585-45b5-a492-d210ec19ffea","맹수형","female","56","1968-06-18","부산 중구 11길 50"
"95790dc1-ce9d-42de-8b49-d549f5f0d45f","강상민","male","51","1973-01-10","대전 동구 51길 20"
"eac200ea-1970-4748-ac94-ba333181a20f","박상연","male","52","1972-09-27","대구 강남구 90로 81"
"fa6fdcaf-2c43-46e5-b96b-903fff630932","윤상민","male","54","1970-08-18","광주 강동구 15로 70"
"36a18083-6b9d-4290-afeb-beb193c74128","장재은","male","36","1988-06-22","인천 중구 27로 72"
"b3aa5d4d-ab81-4321-b5a0-8374d5f51682","강흥제","male","51","1973-05-15","부산 강북구 96길 6"
"04a319d2-cb4e-475c-87ba-6660d3e77b44","맹준하","male","48","1976-07-02","대구 동구 5로 15"
"cd9f1a2a-eb8d-4410-9685-838cec8082fb","박승주","male","66","1958-06-04","서울 중구 51로 34"
"01297402-1441-4267-9930-19ab54a47597","조영록","female","61","1963-09-04","울산 남구 16길 53"
"c1d14e28-9b93-479c-bab2-12ba7c0240ff","정상민","female","59","1965-07-04","서울 강북구 80로 62"
"d904813c-5871-4665-9b11-e1a42295e59f","맹병규","female","57","1967-01-06","인천 남구 58로 56"
"61f63fdc-1460-46ab-8764-73d4b8d900ab","장병규","male","48","1976-07-15","인천 강동구 79길 97"
"1b09fd28-ae65-4b36-8cd3-d4e0c8c6b55c","최선진","male","59","1965-07-12","세종 강동구 93로 40"
"d859dfc2-7e30-4260-a71d-cbd02c2786ed","조상민","male","43","1981-08-07","부산 중구 94로 61"
"99c3b1fe-87e6-4f32-abc1-8b96ab7d6bae","정정미","male","25","1999-02-22","대전 중구 34길 63"
"c761b486-cdf4-4f32-aa45-23a8e987ad7d","조윤경","male","33","1991-02-21","울산 강북구 63로 26"
"1af7fe4d-d72e-4b9e-aa82-3bafddab0430","한상민","female","61","1963-05-23","부산 서구 8길 31"
"74f19ebf-2dee-40cb-a408-6e6b763ea0c2","한수형","male","33","1991-05-10","부산 북구 80로 2"
"2a8fad3b-ecc5-49c4-af0f-70b3a96a86f4","김병규","male","65","1959-06-04","인천 남구 83길 41"
"e6a74727-46df-4878-9276-6af1c304de1b","최상민","female","26","1998-07-01","울산 강남구 95로 53"
"ae5c0ddd-b56c-4230-acfc-8f694297ac02","한병규","female","53","1971-03-08","세종 서구 72로 31"
"de848eb6-7bd9-4bd7-ad87-fcb438681c4f","임선진","female","60","1964-10-10","대전 강북구 55로 94"
"19796851-2f6b-47d1-9d78-60335e761c12","정승주","female","42","1982-08-25","대구 강남구 48길 79"
"ad131832-efed-4ac3-ab22-fdb309434768","임영록","male","26","1998-09-15","인천 중구 53로 53"
"577859b9-5bb9-4105-8e8f-3216f9896aa1","조병규","female","23","2001-02-08","서울 서구 81로 76"
"c3b37ade-e34c-4a82-b0dc-d1c443afd4ca","최선진","male","53","1971-06-25","서울 북구 21로 65"
"e2f58093-9768-432d-b24e-908ba526cf34","최재은","female","36","1988-08-10","대전 중구 91로 53"
"ad06ccc5-ee6a-4b94-9a16-dafb01593151","장상민","male","40","1984-07-20","울산 중구 81로 77"
"c0a06f87-1c8d-43fb-b596-c7acac0d94a4","윤상연","male","47","1977-06-08","광주 강동구 23길 8"
"41dda5a0-53fb-4004-a12d-60e86e792f0f","최승주","female","29","1995-12-18","인천 중구 65길 90"
"4413874e-464d-4ab4-8fed-f28f1e9c0375","한승주","female","32","1992-02-23","광주 남구 20길 46"
"3fa9e31c-2961-4932-8bfe-74866f494459","정흥제","male","25","1999-02-20","대구 남구 79로 90"
"39ffd720-8115-4a5f-9a7d-56ba87132260","장상민","female","62","1962-11-04","서울 동구 42로 40"
"e5d09e07-6dc1-410a-9823-0ae1b7886083","이영록","female","28","1996-09-08","울산 강남구 23길 54"
"551a520f-530f-49b0-949c-9de85d4400a2","최승주","male","39","1985-01-26","대구 강서구 46길 56"
"66d3dc29-fec2-4e43-843e-e80e64a21310","조윤경","male","65","1959-02-10","부산 강동구 42길 42"
"259ead2a-635b-46e8-ae12-89f46dae097a","한재은","male","33","1991-12-24","부산 강남구 78길 80"
"b03ba8a4-9184-481d-8f97-2770caac9c11","강흥제","male","22","2002-12-01","인천 북구 34로 48"
"97abf632-9a7f-4c2a-ba71-522ca5790a37","맹흥제","male","57","1967-08-08","서울 서구 85길 26"
"977df7a8-f65a-4b51-a14a-b08328a93d6a","정상민","female","27","1997-04-07","대전 동구 15로 21"
"7afb4838-478a-40f0-870e-7be979e775c4","강영록","female","52","1972-04-06","세종 강남구 54로 42"
"629af382-b631-4036-a44d-5833d7cd6fa3","최상연","male","57","1967-05-17","인천 강동구 55로 3"
"2439f6c6-3248-4ee0-89bb-0878509d5676","임상연","female","52","1972-09-26","세종 강서구 68로 7"
"ebb127e8-1970-422c-921c-d00ec6f838de","김윤경","male","23","2001-02-16","광주 중구 37로 19"
"1bbe99e7-59f2-4987-b617-5ed790b15873","조윤경","female","35","1989-03-16","울산 강동구 72길 83"
"78b1b1a2-4776-4029-8349-59cbb62808be","이준하","male","37","1987-09-16","광주 강남구 19길 29"
"24743e0b-767b-48d4-82e4-9601d99e245b","임재은","female","42","1982-02-20","부산 동구 48로 6"
"92b6442d-4668-4e0c-a402-051a5e05e5dc","강영록","female","27","1997-04-26","세종 강북구 15길 73"
"967da367-552d-49d2-a5b9-397d74e1c6ae","맹흥제","female","64","1960-06-15","대구 동구 15길 90"
"b053763f-b8b0-49ad-a8f7-b7143dd60805","임윤경","male","46","1978-08-03","세종 동구 80길 74"
"e7ae38d3-8386-485c-8356-72f7cce15c7b","한준하","female","53","1971-03-26","울산 동구 18로 83"
"9f57eaae-9789-44da-86ba-99f41b2b7b8e","강재은","male","34","1990-03-28","대구 강서구 81로 73"
"bdf791e1-4b1f-485a-8883-9727aee6f0e1","이정미","female","54","1970-03-02","서울 강북구 8로 31"
"5e11895b-6400-4442-b52b-861146728403","강병규","male","41","1983-07-07","울산 북구 47길 73"
"77a26145-993a-40c8-a578-6555d1b39157","이선진","female","62","1962-05-25","대구 중구 57로 73"
"6c1d939d-93e6-42d8-a0cf-4d658c441fbe","정정미","female","35","1989-03-28","광주 동구 96길 42"
"4d696830-486a-4ab8-a0aa-f2d4f7f3bb12","조재은","male","26","1998-08-06","대구 중구 47길 4"
"5c282bdc-a62e-45ea-a323-dec24893f55e","장윤경","male","28","1996-12-19","울산 남구 58길 14"
"da07af72-23aa-4252-9516-d046f233c759","김선진","female","31","1993-06-14","대전 북구 43로 33"
"d84d04f2-9978-4c67-b4d5-265873b64bcb","최정미","male","44","1980-09-11","서울 강남구 81로 72"
"58c0cbdf-abbd-4211-b75b-50110f363343","윤승진","male","58","1966-10-25","광주 강서구 72로 99"
"19f0ca24-e1f7-4f9e-8590-6fc58f2929c6","한상민","female","31","1993-09-09","대전 동구 20로 2"
"2dceded3-7937-45d3-a7ab-d54731e332f3","박상연","male","60","1964-08-25","서울 중구 34길 12"
"eb021ca4-a095-4445-834b-abcf73b80559","강정미","male","22","2002-06-28","대구 강남구 7로 22"
"211e6d01-432c-42bc-9a6a-f0aebedb729f","김승주","female","62","1962-03-11","광주 북구 17로 52"
"0079c17a-b83d-48a0-974f-270a9882e13a","김수형","female","64","1960-01-05","인천 서구 87로 4"
"f2e61c6a-bd1d-4e33-8bc4-c942540f26b0","한상민","female","55","1969-05-11","부산 남구 84길 13"
"b1a9ff4e-d275-4c14-9205-e12a39bf16dc","김영록","female","63","1961-12-28","부산 강남구 70길 48"
"fe472f67-e980-4063-a1cf-f32095fd9af4","최수형","female","37","1987-11-14","광주 강남구 47로 27"
"c05fd061-368c-475a-956c-e32064e1d204","장상연","female","24","2000-01-11","대전 중구 28길 96"
"1f163c24-b1fa-4ffe-b898-d377e4ebd3f6","최승진","female","30","1994-08-14","세종 중구 27로 19"
"5534e897-14c4-4623-842c-a469623bb756","임영록","female","54","1970-10-16","부산 강동구 7길 36"
"9c0338a0-e9f6-42d6-a41f-2cc125be07b0","정승주","female","31","1993-12-02","부산 강남구 10길 31"
"5324e3e3-7a6a-436e-8ebd-1636577c49e0","윤재은","male","36","1988-09-08","대구 북구 64로 71"
"9072c583-130b-4035-89c5-0a4e197710e7","강윤경","male","59","1965-08-03","인천 동구 44로 15"
"4258a646-9257-42bd-aaa2-57f34d9ebde9","윤재은","male","22","2002-04-06","광주 중구 37로 32"
"507a9702-3ada-430f-939b-b8e6e5ce4a93","이승진","female","53","1971-07-06","세종 강동구 71로 78"
"04df0255-7b72-4643-9d46-19f16d2aba28","이상민","male","21","2003-02-07","부산 강남구 70로 1"
"fa04bb8e-79c1-48c5-8863-48030d02852f","강승주","male","22","2002-02-20","대전 강북구 94길 2"
"e2f44814-7898-4e23-9cfb-9bd81e1652ba","김병규","male","34","1990-01-07","인천 북구 22로 25"
"53a06215-2ca3-43bd-a981-e41fe051507c","정상연","male","62","1962-05-12","인천 강서구 55길 27"
"3357eb19-bd47-4895-bbd9-5e26e1431443","최승주","female","59","1965-07-14","울산 서구 31로 36"
"584fc3b6-cfd5-471b-9d06-eca33f06c64d","장준하","female","41","1983-03-28","광주 남구 49길 8"
"65931d45-244e-49d5-be2e-95b4b743d5f1","이흥제","male","32","1992-03-27","대구 북구 83로 60"
"519d10e5-abd8-40ee-af41-9f74d89a45e1","김수형","male","20","2004-05-09","대전 강서구 95로 12"
"de46cdd5-fa1c-4bd0-a1e0-8a0d44d21429","박선진","male","37","1987-02-07","대전 강남구 45길 35"
"1e113ed5-3c58-494d-b2e2-2184a6d8945e","박상민","male","40","1984-02-04","부산 강동구 64로 91"
"e6c1168c-7d69-4faa-85b0-e540d6ccf0ec","김승진","female","59","1965-09-19","대전 동구 71로 79"
"171c2031-49f0-485d-a609-771a9daf147d","이승주","male","65","1959-04-20","서울 중구 41길 34"
"1baf2843-5926-4f2f-93f4-ff710bd2edc5","윤선진","female","59","1965-06-09","울산 강서구 22로 68"
"f9f60cdf-0dfa-4d52-a9dd-0c1d8baafb47","이병규","female","27","1997-08-21","대전 중구 36로 91"
"ba0dd7f5-d979-4915-9b2f-e30d7f6578cc","장상연","female","67","1957-03-27","대전 강동구 40로 54"
"5715b122-6164-4f73-89d3-1b859e3b2931","조상민","male","30","1994-05-04","서울 강북구 41로 6"
"f9434df0-8bbc-48af-993d-99abaf65b495","박선진","female","66","1958-03-05","광주 강서구 46로 72"
"8e8c8fe3-870d-4c49-a6ec-ba49dad0884f","최수형","female","43","1981-03-03","광주 북구 50길 90"
"fdd59d4d-d31e-4d5a-a8b2-629ea2fa82cc","이수형","female","52","1972-01-14","인천 서구 2길 95"
"d87008b2-1995-417b-9601-68610e043be3","장승진","female","35","1989-04-13","울산 동구 96로 98"
"7f8ac167-d70d-4760-99b8-e27f5320a0e1","김영록","male","21","2003-07-13","부산 강서구 32로 69"
"7c90baaa-a844-4131-8719-8067f221638b","임상민","female","38","1986-10-14","부산 강동구 71로 55"
"a8423198-0700-4fda-ae84-0ff4f6153599","윤병규","female","50","1974-03-15","광주 강남구 55로 97"
"8389c047-a72a-44a1-86ef-7572f8f07c96","정병규","female","62","1962-12-08","광주 서구 91로 33"
"fe8cea2d-8831-499f-83c1-92818684882e","박준하","male","49","1975-11-20","서울 강북구 83로 84"
"31f17b24-a915-4a32-8a0a-230e259bbe0e","윤흥제","male","22","2002-06-21","대구 중구 76로 16"
"464740e1-6e97-40ab-b5ec-5f8d3610b993","맹수형","female","63","1961-02-08","인천 강남구 65길 41"
"c7d3f287-45cc-49cd-a36c-3babd5d9500b","조승진","female","60","1964-11-09","인천 중구 6길 95"
"ce09cf77-cfa0-4166-afb8-796a27d7f7ac","윤영록","female","67","1957-08-09","대구 서구 15로 32"
"b8837425-520c-452e-85db-82cf3562a702","장상연","female","69","1955-01-21","울산 강동구 55길 22"
"0acda059-d5a6-40f0-a879-24af7416a36c","강흥제","female","28","1996-04-02","대전 강동구 33로 53"
"73b23085-3a3d-47a7-9e3d-23201132c24c","최영록","female","26","1998-02-27","서울 동구 2길 81"
"0df82e3c-cb06-42ef-8da0-83d0a5ad7127","박수형","male","55","1969-01-26","대전 중구 51길 99"
"368b891a-b528-450c-8858-c76c0840a25e","최수형","female","35","1989-11-12","울산 서구 29로 21"
"a5827835-b769-472e-8948-513cfdf6c8f4","정재은","female","60","1964-07-14","광주 북구 77길 97"
"260d1db0-cb65-4463-b3cc-b25cac7f2b2d","김흥제","male","27","1997-12-09","부산 동구 92길 18"
"a2a982b7-65a2-41cb-bc8f-007ad53b775c","임승진","female","65","1959-05-02","대구 강북구 74길 39"
"c15eb7ec-73fb-4702-a3bb-bfa5b78a0e52","한승주","male","41","1983-03-09","대전 북구 60길 38"
"ce0f459c-f6d7-4e6e-9b6d-07caefc59d81","박영록","male","56","1968-06-18","부산 중구 36로 87"
"a650775e-a562-4fea-9b48-79624390d0ba","이병규","female","40","1984-11-01","세종 동구 55로 87"
"a8e0b8f8-ab0d-482a-a0a2-28996cf4b8ef","장선진","male","23","2001-02-28","광주 동구 18길 78"
"f4c42114-6418-4ed6-914a-866fe19e3fdc","임승진","male","48","1976-11-25","울산 강북구 73길 38"
"103554e2-43b0-4a4b-95a4-591e2da736c6","강수형","male","24","2000-12-16","울산 북구 25길 46"
"0a478368-5ccf-41c9-a39b-c243b8af7e29","박승진","female","55","1969-05-23","서울 남구 59로 15"
"d32454e5-be70-40ad-b0eb-f614b1a16cc1","정선진","male","40","1984-01-05","인천 남구 84길 50"
"7c6d746b-df33-4f7f-b958-c78a15d4fdfd","장병규","female","39","1985-07-18","대구 강서구 87길 22"
"a100c5bf-58d4-4bdd-8339-555a8a8043e8","김상민","male","24","2000-06-27","인천 중구 10길 48"
"3f91e27e-d6b1-4de3-ba07-08fb0b06f8cc","맹영록","female","66","1958-06-01","울산 강서구 55길 99"
"f23f3dee-1649-4e08-9232-7d4bd7617b99","김상연","female","36","1988-12-21","서울 강남구 9길 48"
"7825ff55-ec1c-4dab-b0a5-89716d0102ed","이재은","female","45","1979-10-14","서울 북구 54로 47"
"8fa803e9-00f6-45bf-a77d-c6ad502d0c74","김수형","male","65","1959-03-15","광주 강동구 74로 77"
"3c1291b9-a69f-4895-bab4-310bac681424","김흥제","female","33","1991-05-09","세종 강서구 55길 11"
"55719ada-97b8-4bbd-bdca-0236b5c01420","최병규","female","42","1982-07-16","서울 동구 24로 17"
"7767a67d-8a4a-41ab-b159-8fa890febc29","장승주","female","46","1978-05-09","대구 강동구 71길 96"
"c2b34cf6-22dc-497d-a3f3-e8d25b799ab1","장영록","female","47","1977-05-08","대구 동구 96길 38"
"2bbb618e-01af-4272-a584-a5e15c55bd52","조승주","female","49","1975-03-16","대구 강북구 83길 30"
"1ce82f8c-83e9-4b36-a25c-e9b3de49a87d","김상연","male","32","1992-06-01","서울 동구 35길 72"
"fa86cc83-6a50-4448-81ec-e35c37e1fe8e","한상연","female","56","1968-11-06","대전 강동구 6길 43"
"e68bb5cc-6cab-4ef3-976f-30625569d5b3","김상민","female","69","1955-02-08","서울 강북구 50길 26"
"1fb617e2-d01f-4558-a4c0-3b2799e59fd3","임상민","female","54","1970-03-13","부산 북구 98길 4"
"7d137689-d77a-4d05-a22c-327391a82b94","정재은","male","69","1955-04-15","세종 북구 89로 41"
"8848c1b1-8c09-4618-9235-bf2c0754f84e","최승진","female","27","1997-12-23","서울 중구 67길 63"
"9505d16d-b95f-477e-9aec-ab55add7d923","장상연","male","33","1991-05-17","세종 남구 64로 28"
"11ce35c8-b3b5-4d8d-b120-1c54e3e1722a","한정미","male","61","1963-07-19","대전 남구 95길 2"
"8244aa7e-7d3e-4cc9-adcc-a4a88a98676e","윤흥제","female","46","1978-04-22","부산 중구 37로 11"
"7af9312d-e8c4-4057-be85-595cf0029ccc","이선진","female","22","2002-12-06","인천 강남구 2로 94"
"4a94f2b1-c0e3-459d-bd02-2ccc88125d00","한정미","female","47","1977-02-12","부산 강남구 25로 52"
"7a4b6fd5-dcd9-4a20-90c3-6a701359c1d6","임승주","female","50","1974-06-23","대구 강동구 62로 41"
"4d1dfd4d-bd37-41fc-bc59-de59573305ca","김정미","female","69","1955-07-25","서울 강서구 77길 96"
"9790877a-1a06-4386-b8cc-a6a9aab5d97c","이승주","female","50","1974-10-10","세종 남구 97길 39"
"fa41529e-8233-46fb-9fad-4655e2f067ce","윤흥제","female","48","1976-05-09","인천 중구 42로 72"
"9072d541-cee6-479f-ade5-b3c444f153a5","박윤경","female","21","2003-02-12","광주 강서구 73로 89"
"e3e3f20c-0c22-40fc-8556-2d1bdb80cf54","박흥제","female","52","1972-12-19","대구 강동구 29로 92"
"9540b41e-e54f-4063-96ef-0eeb0e3b2333","정상연","male","42","1982-11-14","대전 남구 1길 29"
"157f6db0-24d4-492b-9356-817e4d520421","장승진","male","23","2001-09-28","인천 서구 23길 26"
"88b23e7f-8c72-4fb0-89ef-2a21519ceb08","임정미","female","54","1970-02-04","부산 동구 88로 87"
"8bdc57b8-450b-4ea7-be47-a31971302edd","장정미","female","33","1991-02-02","세종 강남구 74로 99"
"8fcad1cb-e874-4d0a-bb3d-9adced0c0d4e","정정미","male","28","1996-11-21","인천 중구 32길 71"
"2dda9fcd-f6e0-4637-ae5c-973242fb11c1","임영록","female","39","1985-01-13","대구 중구 16로 86"
"1fb2c80b-7231-40de-9ac3-e3e0ca96e4c5","최정미","male","60","1964-07-13","울산 강북구 96로 52"
"2400e7fb-ae32-42e1-8670-c893b2c0117a","윤흥제","male","20","2004-06-05","부산 동구 57로 15"
"cb382f20-c4cb-4ceb-952f-a7858f97372d","강재은","male","43","1981-10-09","부산 동구 91길 23"
"30f9e8d4-1c32-459b-bbab-f393c711a074","조재은","female","59","1965-06-25","울산 남구 9로 37"
"12f3809f-e3c0-45e0-bd65-cedbf45d0c04","맹흥제","male","24","2000-02-27","대전 중구 56길 77"
"edc9ac38-1fa9-4024-b815-60ec96cf4909","장승진","female","66","1958-05-24","세종 남구 38길 23"
"37a71812-3bac-41d2-a268-72bb1397b537","한재은","female","39","1985-11-05","대구 강동구 20로 59"
"ddc4c243-3002-4ed6-a783-11f0b5f0cd81","정상연","male","43","1981-06-28","울산 강동구 44로 67"
"257da6af-bfd2-4ffb-bcde-253c8d81fd8e","정상연","male","49","1975-07-13","울산 북구 34길 2"
"26aaf0c9-ec48-4da7-87dc-051d1c5636c0","박승진","male","24","2000-10-09","서울 서구 93길 12"
"98e95d23-895e-4417-be46-e29779c3a19b","장준하","male","41","1983-04-24","대전 남구 29길 47"
"65eac790-9f3c-4001-b2c6-51f1a52dc70c","정수형","male","47","1977-07-04","울산 서구 50길 28"
"a16cc78f-f609-440f-9fb7-40c886186c92","박정미","female","40","1984-06-08","대전 남구 81로 9"
"55e97b85-5e52-42bc-b919-d36f385ab7ad","한승진","male","35","1989-07-02","광주 강동구 60길 14"
"1b32f13e-bc6c-4264-bff4-652596a26c45","강승주","female","44","1980-05-28","대구 북구 64로 21"
"c010c5c7-54e3-4448-9312-2aa186e8f20b","박병규","female","57","1967-05-05","서울 북구 93로 68"
"5992d46c-583c-47d9-91a1-b537a273932a","김선진","male","32","1992-07-22","부산 강남구 87길 54"
"8c6f0895-298b-4518-bf0b-345c62976b06","장병규","female","32","1992-06-15","인천 강북구 76길 50"
"470a21ea-201e-438b-8aa8-c30f4270108b","한영록","female","34","1990-03-21","광주 강남구 95로 62"
"492d5d7c-bbcc-4623-8346-ba0e82de21b4","장준하","female","21","2003-01-16","부산 중구 15로 79"
"e8d5ed01-d9b5-4da7-b62d-287d858d18ff","정병규","male","66","1958-05-06","인천 중구 58로 50"
"7ac281e9-f2d4-488c-a98c-728ef339c71f","최재은","female","41","1983-07-17","대구 동구 83길 33"
"8d9232f8-6205-4f11-a34e-45fdf33a7e60","정윤경","male","29","1995-06-10","인천 강북구 6로 22"
"8e3be9a6-3765-4e4b-a59c-b7e5926a4164","장병규","male","27","1997-12-14","대구 동구 94로 91"
"5e075ca5-bb75-4352-b594-041e87d393c1","맹선진","male","54","1970-06-08","광주 동구 62로 46"
"29f0d2f5-5677-4be5-ab75-0516aeabf5f6","한흥제","female","28","1996-04-15","세종 강북구 92길 32"
"b2bb7f5b-58a6-406b-9d5f-089d84603f55","박상연","female","43","1981-10-09","울산 서구 56로 55"
"6a8f8dcc-91d5-4a70-bbaf-f6f26b198922","정재은","female","28","1996-11-10","인천 강서구 50로 32"
"927ca328-6a24-4c91-a49f-52da42dcc791","강윤경","female","28","1996-12-16","서울 강동구 3로 71"
"9de0e02e-f909-492e-a85c-a9cfda62ce75","이흥제","male","47","1977-12-26","울산 동구 87로 68"
"659451c3-0091-4ee1-8840-cd0ac7d26352","박재은","female","50","1974-07-06","부산 강동구 21로 77"
"c6803048-b4ea-47d2-9bf3-07d9e31375b1","윤윤경","male","69","1955-06-15","광주 동구 5로 16"
"7e3ad8a2-5703-447c-a4d9-b82a1208833a","장선진","female","37","1987-08-25","인천 강남구 29로 74"
"b539087b-ddc9-4e34-98c4-14240ba2e4c5","이상민","male","65","1959-02-23","서울 남구 94로 32"
"0c50dd80-dc11-44aa-a366-720f867d78b4","강상연","female","47","1977-07-07","대전 강북구 24길 3"
"aa3acb8f-7ad3-4f90-a6e5-f1284a7f654b","강승주","male","46","1978-08-02","세종 강서구 41로 28"
"65937b86-ddc3-4690-885e-d5d4e3683cf5","조승진","female","33","1991-07-15","부산 강북구 38길 39"
"b70c5865-d086-4225-b757-6a1027d5d023","박흥제","male","38","1986-07-12","서울 강동구 24로 2"
"cfbaf94a-7dcd-40bb-9d9e-8e1dcaa6edfd","김흥제","female","48","1976-06-05","세종 강동구 51길 52"
"5a7d34a9-767d-4905-b94b-72dce3b371c4","정승주","female","30","1994-01-24","부산 강남구 1로 49"
"6f80fce3-987e-4e6c-a352-bf57bf9ca381","이수형","male","37","1987-04-04","부산 강동구 33길 91"
"870428c1-1476-4130-aa82-e2ae0960f45a","최정미","male","67","1957-12-27","인천 강동구 39로 13"
"ba04611d-2463-4a41-a292-f96533373008","김재은","female","64","1960-12-21","울산 중구 31로 32"
"6751f514-0acb-4002-9b3b-6aaa877c8860","이상연","female","62","1962-06-22","대구 북구 10길 48"
"0cc04e76-f337-4a5e-809f-da72af818688","강윤경","male","31","1993-06-05","부산 강동구 18길 94"
"24511b7d-39e2-4dc9-8479-be8caaddf862","이재은","male","69","1955-10-11","대전 중구 40길 71"
"2a9d735c-e250-4ded-b3bb-d7e4f1cd326a","박윤경","female","56","1968-09-09","울산 강서구 57로 97"
"09058ca8-2e2b-4fea-8166-74d011901f61","한병규","female","50","1974-01-19","서울 중구 17길 10"
"988a2d89-bcff-4963-a81b-27e73562324e","박선진","female","51","1973-07-17","대구 동구 92길 79"
"856b5bd8-b76c-4a6d-9f3b-0adb26fe9e18","임정미","female","46","1978-07-16","인천 강서구 75로 4"
"3df09f71-a477-40d8-8b4d-30aadd6f4093","강병규","male","45","1979-05-23","광주 강북구 54길 39"
"036489f1-fc1a-433e-83e8-966ef618d506","김정미","female","44","1980-01-21","부산 남구 31로 18"
"8dff00f5-3c60-4c40-95bd-89069c5dd3ac","한상연","female","58","1966-02-15","부산 북구 94길 44"
"6f03edbc-878b-4210-93d0-2ab29638ac99","한승주","female","47","1977-06-12","서울 중구 60길 96"
"50b5fe22-2ac5-4787-81d5-1a2b03bd6056","한병규","female","40","1984-02-12","부산 강남구 30길 55"
"3957b20f-b610-4b0c-8bf8-41d7f7979941","한수형","female","39","1985-10-21","세종 강동구 17로 11"
"066537eb-6a00-4b76-83ba-c6839ac4b133","조선진","male","36","1988-04-20","부산 강서구 87길 9"
"2572d75f-0d22-4f2e-a9ae-11caf55a371b","이윤경","female","41","1983-11-18","인천 중구 85길 43"
"6746ce3d-b7a3-443f-989e-2364f46279aa","조흥제","female","30","1994-09-23","대구 강남구 87길 53"
"d473f41a-2a79-4f94-9902-9db0237b13a8","김흥제","female","39","1985-11-05","대전 남구 57길 2"
"245eeb8b-2fa5-456e-a137-2f672755f947","김상민","male","31","1993-04-26","광주 서구 19길 63"
"56d381a7-4a3d-469d-aa80-c35280759163","윤선진","male","59","1965-12-08","대구 강동구 17로 39"
"ed139a03-ecd9-47f8-9102-704ad4360f90","장병규","male","33","1991-08-02","대전 중구 90로 6"
"c2405009-5cb5-43c4-8d55-e768c10c16ec","임재은","female","56","1968-03-11","광주 강동구 45길 38"
"d365bceb-68ac-43d9-8548-38dce9adb545","조정미","female","60","1964-03-08","세종 강남구 37길 95"
"48acbc8a-7a11-4840-baa0-855ad22853a0","맹상민","female","37","1987-11-01","인천 강서구 79로 68"
"3c0083b2-e602-4f74-a891-569160c496b8","한상연","female","41","1983-07-11","울산 동구 58로 8"
"52deaacd-e13a-4c50-ae5d-c3143ce623f0","맹상연","female","54","1970-04-20","광주 강서구 65로 96"
"fe3b277a-44a2-45e5-afd0-901b0b2ad59a","강선진","female","51","1973-12-05","울산 강북구 9길 30"
"3acd9a23-6fd3-4a9c-8d69-972657cfd083","조병규","female","30","1994-04-16","서울 동구 95길 8"
"70d05609-e8ea-4308-a9e1-00541853cfb3","최병규","male","66","1958-12-26","세종 강북구 79로 83"